<?xml version = '1.0' encoding = 'UTF-8'?>
<Relation class="oracle.dbtools.crest.model.design.logical.Relation" name="CRUISE_MANIFEST" directorySegmentName="seg_0" id="14396CF9-3100-7DD4-6E6A-64A2CE1F08F1">
<createdBy>chenzhuo</createdBy>
<createdTime>2022-04-26 10:53:55 UTC</createdTime>
<ownerDesignName>wc_oraclemodel</ownerDesignName>
<engineerTo>
<item key="C51455D0-CA9C-7DF3-C6F1-07106A501C04" value="true"/>
</engineerTo>
<targetTransferable>false</targetTransferable>
<sourcePk>7BE816DF-2DC5-FAFA-9467-E05931A15276</sourcePk>
<identifying>true</identifying>
<nameOnSource> </nameOnSource>
<nameOnTarget> records</nameOnTarget>
<optionalSource>true</optionalSource>
<optionalTarget>false</optionalTarget>
<sourceCardinality>1</sourceCardinality>
<sourceEntity>7D29CA83-C803-00F2-D1ED-AAF1F1D24000</sourceEntity>
<targetCardinalityString>*</targetCardinalityString>
<targetEntity>B0005A76-917A-D2EF-9365-FE753FF8753A</targetEntity>
<transferable>true</transferable>
<deleteRule>NO ACTION</deleteRule>
</Relation>
