<?xml version = '1.0' encoding = 'UTF-8'?>
<Relation class="oracle.dbtools.crest.model.design.logical.Relation" name="COUNTRY_PORT" directorySegmentName="seg_0" id="34EB5515-3421-9E62-64CA-7263F0F8B1D5">
<createdBy>chenzhuo</createdBy>
<createdTime>2022-04-27 17:41:51 UTC</createdTime>
<ownerDesignName>wc_oraclemodel</ownerDesignName>
<engineerTo>
<item key="C51455D0-CA9C-7DF3-C6F1-07106A501C04" value="true"/>
</engineerTo>
<sourcePk>EDAC1B7F-6AC2-0C6E-CEF8-7E7B34FD6082</sourcePk>
<identifying>false</identifying>
<nameOnSource>has </nameOnSource>
<nameOnTarget> </nameOnTarget>
<optionalSource>false</optionalSource>
<optionalTarget>false</optionalTarget>
<sourceCardinality>1</sourceCardinality>
<sourceEntity>0BACFDAC-1983-C452-4911-A77A4F702810</sourceEntity>
<targetCardinalityString>*</targetCardinalityString>
<targetEntity>F92FDE8C-B030-C0C0-FF8E-43B8860425DC</targetEntity>
<transferable>true</transferable>
<deleteRule>NO ACTION</deleteRule>
</Relation>
