<?xml version = '1.0' encoding = 'UTF-8'?>
<Relation class="oracle.dbtools.crest.model.design.logical.Relation" name="TOUR_LANGUAGE" directorySegmentName="seg_0" id="472F981D-A565-1156-D815-51AA57B4F38D">
<createdBy>chenzhuo</createdBy>
<createdTime>2022-04-27 19:47:15 UTC</createdTime>
<ownerDesignName>wc_oraclemodel</ownerDesignName>
<engineerTo>
<item key="C51455D0-CA9C-7DF3-C6F1-07106A501C04" value="true"/>
</engineerTo>
<sourcePk>95DD2718-933B-E851-3302-915A018D8273</sourcePk>
<identifying>true</identifying>
<nameOnSource>uses</nameOnSource>
<nameOnTarget> </nameOnTarget>
<optionalSource>false</optionalSource>
<optionalTarget>false</optionalTarget>
<sourceCardinality>1</sourceCardinality>
<sourceEntity>700BB47D-005E-AEDE-BAC1-C273F743C7BE</sourceEntity>
<targetCardinalityString>*</targetCardinalityString>
<targetEntity>CEE703AC-E658-3120-5647-024FD6A1DB8B</targetEntity>
<transferable>true</transferable>
<deleteRule>NO ACTION</deleteRule>
</Relation>
