<?xml version = '1.0' encoding = 'UTF-8'?>
<Relation class="oracle.dbtools.crest.model.design.logical.Relation" name="PORT_PORT_TEMPERATURE" directorySegmentName="seg_0" id="50D194D8-B51E-4365-1480-2BF34400E7F2">
<createdBy>chenzhuo</createdBy>
<createdTime>2022-04-27 18:31:36 UTC</createdTime>
<ownerDesignName>wc_oraclemodel</ownerDesignName>
<engineerTo>
<item key="C51455D0-CA9C-7DF3-C6F1-07106A501C04" value="true"/>
</engineerTo>
<sourcePk>694D28F3-8E08-0B48-CEF6-11B01401F5EC</sourcePk>
<identifying>true</identifying>
<nameOnSource>has </nameOnSource>
<nameOnTarget> </nameOnTarget>
<optionalSource>false</optionalSource>
<optionalTarget>false</optionalTarget>
<sourceCardinality>1</sourceCardinality>
<sourceEntity>F92FDE8C-B030-C0C0-FF8E-43B8860425DC</sourceEntity>
<targetCardinalityString>*</targetCardinalityString>
<targetEntity>55D2CA7B-D035-4182-AFB5-4ECE7113A5B3</targetEntity>
<transferable>true</transferable>
<deleteRule>NO ACTION</deleteRule>
</Relation>
