<?xml version = '1.0' encoding = 'UTF-8'?>
<Relation class="oracle.dbtools.crest.model.design.logical.Relation" name="TOUR_PORT_TOUR" directorySegmentName="seg_0" id="5E907060-D3F3-1DA3-42AA-6B864A9C83E8">
<createdBy>chenzhuo</createdBy>
<createdTime>2022-04-27 19:13:27 UTC</createdTime>
<ownerDesignName>wc_oraclemodel</ownerDesignName>
<engineerTo>
<item key="C51455D0-CA9C-7DF3-C6F1-07106A501C04" value="true"/>
</engineerTo>
<sourcePk>95DD2718-933B-E851-3302-915A018D8273</sourcePk>
<identifying>false</identifying>
<nameOnSource>has</nameOnSource>
<nameOnTarget> </nameOnTarget>
<optionalSource>true</optionalSource>
<optionalTarget>false</optionalTarget>
<sourceCardinality>1</sourceCardinality>
<sourceEntity>700BB47D-005E-AEDE-BAC1-C273F743C7BE</sourceEntity>
<targetCardinalityString>*</targetCardinalityString>
<targetEntity>5EE7EE4B-97D0-DB2D-45EB-5289221A1170</targetEntity>
<transferable>true</transferable>
<deleteRule>NO ACTION</deleteRule>
</Relation>
