<?xml version = '1.0' encoding = 'UTF-8'?>
<Relation class="oracle.dbtools.crest.model.design.logical.Relation" name="SHIP_CAIN" directorySegmentName="seg_0" id="70ADDE93-2571-CEA3-A088-FD0EA9708186">
<createdBy>chenzhuo</createdBy>
<createdTime>2022-04-26 10:44:00 UTC</createdTime>
<ownerDesignName>wc_oraclemodel</ownerDesignName>
<engineerTo>
<item key="C51455D0-CA9C-7DF3-C6F1-07106A501C04" value="true"/>
</engineerTo>
<sourcePk>D86F95CB-73F2-F70D-4E6C-FF65CD791E4D</sourcePk>
<identifying>true</identifying>
<nameOnSource>has</nameOnSource>
<nameOnTarget> </nameOnTarget>
<optionalSource>false</optionalSource>
<optionalTarget>false</optionalTarget>
<sourceCardinality>1</sourceCardinality>
<sourceEntity>51F6FA41-50A2-7EE2-BDD2-41AA5B02B42E</sourceEntity>
<targetCardinalityString>*</targetCardinalityString>
<targetEntity>F7A8464A-5098-BA05-48A3-61B329088022</targetEntity>
<transferable>true</transferable>
<deleteRule>NO ACTION</deleteRule>
</Relation>
