<?xml version = '1.0' encoding = 'UTF-8'?>
<Relation class="oracle.dbtools.crest.model.design.logical.Relation" name="PASSENGER_PASSENGER(Guard)" directorySegmentName="seg_0" id="CE60B1FF-D9FC-FEBC-4881-7CC0ACFFBF5E">
<createdBy>chenzhuo</createdBy>
<createdTime>2022-04-26 10:56:22 UTC</createdTime>
<ownerDesignName>wc_oraclemodel</ownerDesignName>
<engineerTo>
<item key="C51455D0-CA9C-7DF3-C6F1-07106A501C04" value="true"/>
</engineerTo>
<targetPk>1CAE851E-6E04-E101-2557-5A7BA21336E4</targetPk>
<identifying>false</identifying>
<nameOnSource>guard</nameOnSource>
<nameOnTarget> </nameOnTarget>
<optionalSource>true</optionalSource>
<optionalTarget>true</optionalTarget>
<sourceCardinality>1</sourceCardinality>
<sourceEntity>30582695-4B21-137F-0C6D-3DA48C23C4DD</sourceEntity>
<targetCardinalityString>*</targetCardinalityString>
<targetEntity>30582695-4B21-137F-0C6D-3DA48C23C4DD</targetEntity>
<transferable>true</transferable>
<deleteRule>NO ACTION</deleteRule>
</Relation>
