<?xml version = '1.0' encoding = 'UTF-8'?>
<Diagram class="oracle.dbtools.crest.swingui.logical.DPVLogical" name="Logical" id="D9D937AD-011D-2697-3DEB-DD519C3CEB15">
<createdBy>wsen0004,zche0183 (Group 57)</createdBy>
<modifiedBy>wsen0004,zche0183 (Group 57)</modifiedBy>
<createdTime>2022-04-24 06:02:59 UTC</createdTime>
<autoRoute>false</autoRoute>
<boxInbox>true</boxInbox>
<showLegend>true</showLegend>
<showLabels>true</showLabels>
<showRelAttributes>false</showRelAttributes>
<gridEnabled>false</gridEnabled>
<showGrid>false</showGrid>
<diagramColor>-1</diagramColor>
<display>false</display>
<notation>2</notation>
<showAllDetails>false</showAllDetails>
<showElements>true</showElements>
<objectViews>
<OView class="oracle.dbtools.crest.swingui.logical.TVEntity" oid="0BACFDAC-1983-C452-4911-A77A4F702810" otype="Entity" vid="A7B60051-26B5-7CDD-F28F-D9A1DDAA5174">
<hideElementsInCurrentOnly>false</hideElementsInCurrentOnly>
<bounds x="1075" y="634" width="187" height="113"/>
</OView>
<OView class="oracle.dbtools.crest.swingui.logical.TVEntity" oid="1987FB47-6416-3825-3829-A0D1B8B8001C" otype="Entity" vid="13249156-2458-CD47-DE0D-6C9E375F1D3A">
<hideElementsInCurrentOnly>false</hideElementsInCurrentOnly>
<bounds x="732" y="415" width="202" height="119"/>
</OView>
<OView class="oracle.dbtools.crest.swingui.logical.TVEntity" oid="30582695-4B21-137F-0C6D-3DA48C23C4DD" otype="Entity" vid="20A82098-8A7A-F946-55C8-BD16F8F032E7">
<hideElementsInCurrentOnly>false</hideElementsInCurrentOnly>
<bounds x="310" y="820" width="189" height="142"/>
</OView>
<OView class="oracle.dbtools.crest.swingui.logical.TVEntity" oid="51F6FA41-50A2-7EE2-BDD2-41AA5B02B42E" otype="Entity" vid="D87EA536-0AC2-5969-3A36-561A39CC9293">
<hideElementsInCurrentOnly>false</hideElementsInCurrentOnly>
<bounds x="313" y="183" width="229" height="126"/>
</OView>
<OView class="oracle.dbtools.crest.swingui.logical.TVEntity" oid="55D2CA7B-D035-4182-AFB5-4ECE7113A5B3" otype="Entity" vid="15C0D7F0-D862-1C47-318B-6B1EFFBDAE1D">
<hideElementsInCurrentOnly>false</hideElementsInCurrentOnly>
<bounds x="630" y="848" width="149" height="134"/>
</OView>
<OView class="oracle.dbtools.crest.swingui.logical.TVEntity" oid="5EE7EE4B-97D0-DB2D-45EB-5289221A1170" otype="Entity" vid="56853645-F5C2-0234-9E77-D1CF3281BDF9">
<hideElementsInCurrentOnly>false</hideElementsInCurrentOnly>
<bounds x="1109" y="851" width="170" height="110"/>
</OView>
<OView class="oracle.dbtools.crest.swingui.TVLegend" oid="68E8B893-5B6D-51C3-0C98-DB6E0DAE8FC8" otype="Legend" vid="A320D437-09E5-3982-A38C-CA058EBB307F">
<hideElementsInCurrentOnly>false</hideElementsInCurrentOnly>
<bounds x="10" y="10" width="238" height="128"/>
</OView>
<OView class="oracle.dbtools.crest.swingui.logical.TVEntity" oid="700BB47D-005E-AEDE-BAC1-C273F743C7BE" otype="Entity" vid="7606822E-F2A0-0FAF-2C33-BD7F5924AD87">
<hideElementsInCurrentOnly>false</hideElementsInCurrentOnly>
<bounds x="835" y="849" width="185" height="150"/>
</OView>
<OView class="oracle.dbtools.crest.swingui.logical.TVEntity" oid="7D29CA83-C803-00F2-D1ED-AAF1F1D24000" otype="Entity" vid="16796FE9-0099-C07A-BD6A-F39BAC511178">
<hideElementsInCurrentOnly>false</hideElementsInCurrentOnly>
<bounds x="719" y="184" width="202" height="121"/>
</OView>
<OView class="oracle.dbtools.crest.swingui.logical.TVEntity" oid="9C42C149-42EB-F942-41F6-0A6A6CF379F5" otype="Entity" vid="BAB1F339-561A-7629-7FA4-05AF2FE1E9B9">
<hideElementsInCurrentOnly>false</hideElementsInCurrentOnly>
<bounds x="311" y="1050" width="183" height="129"/>
</OView>
<OView class="oracle.dbtools.crest.swingui.logical.TVEntity" oid="9FAE2561-E6FC-4426-63E1-6E4B46D30E58" otype="Entity" vid="AF8DDEF5-048A-B633-CB06-A9FA0C37B040">
<hideElementsInCurrentOnly>false</hideElementsInCurrentOnly>
<bounds x="0" y="188" width="207" height="99"/>
</OView>
<OView class="oracle.dbtools.crest.swingui.logical.TVEntity" oid="B0005A76-917A-D2EF-9365-FE753FF8753A" otype="Entity" vid="DE21C49A-C6FB-3618-FA87-2DE9BC933035">
<hideElementsInCurrentOnly>false</hideElementsInCurrentOnly>
<bounds x="322" y="612" width="182" height="124"/>
</OView>
<OView class="oracle.dbtools.crest.swingui.logical.TVEntity" oid="CE1ABA69-BC00-615D-8D6C-3B491BC910AF" otype="Entity" vid="0354A6D7-DFF8-B706-9D51-416B38DF305B">
<hideElementsInCurrentOnly>false</hideElementsInCurrentOnly>
<bounds x="1114" y="1063" width="186" height="107"/>
</OView>
<OView class="oracle.dbtools.crest.swingui.logical.TVEntity" oid="CEE703AC-E658-3120-5647-024FD6A1DB8B" otype="Entity" vid="6FFFF352-BFC6-5CB0-BBCC-8462BFEEF6C8">
<hideElementsInCurrentOnly>false</hideElementsInCurrentOnly>
<bounds x="838" y="1076" width="206" height="89"/>
</OView>
<OView class="oracle.dbtools.crest.swingui.logical.TVEntity" oid="F7A8464A-5098-BA05-48A3-61B329088022" otype="Entity" vid="5EA0E15C-794A-E3A4-0B82-677F574FA290">
<hideElementsInCurrentOnly>false</hideElementsInCurrentOnly>
<bounds x="326" y="393" width="179" height="132"/>
</OView>
<OView class="oracle.dbtools.crest.swingui.logical.TVEntity" oid="F92FDE8C-B030-C0C0-FF8E-43B8860425DC" otype="Entity" vid="26944A0B-240C-58C1-2D4A-C998396B337C">
<hideElementsInCurrentOnly>false</hideElementsInCurrentOnly>
<bounds x="741" y="642" width="186" height="133"/>
</OView>
</objectViews>
<connectors>
<Connector class="oracle.dbtools.crest.swingui.logical.TVRelation" oid="14396CF9-3100-7DD4-6E6A-64A2CE1F08F1" otype="Relation" vid_source="16796FE9-0099-C07A-BD6A-F39BAC511178" vid_target="DE21C49A-C6FB-3618-FA87-2DE9BC933035">
<hideElementsInCurrentOnly>false</hideElementsInCurrentOnly>
<backgroundColor>-16777216</backgroundColor>
<lineWidth>1</lineWidth>
<sourceLabel class="oracle.dbtools.crest.model.design.Label">
<site>0</site>
<labelBounds x="762" y="341" width="18" height="30"/>
<noBackgroundColor>true</noBackgroundColor>
<noForegroundColor>true</noForegroundColor>
</sourceLabel>
<targetLabel class="oracle.dbtools.crest.model.design.Label">
<site>2</site>
<labelBounds x="471" y="576" width="54" height="30"/>
<noBackgroundColor>true</noBackgroundColor>
<noForegroundColor>true</noForegroundColor>
</targetLabel>
<points>
<point x="762" y="305"/>
<point x="471" y="612"/>
</points>
</Connector>
<Connector class="oracle.dbtools.crest.swingui.logical.TVRelation" oid="1602C0AA-E85D-8D71-2B86-9644BBF4CCD0" otype="Relation" vid_source="D87EA536-0AC2-5969-3A36-561A39CC9293" vid_target="16796FE9-0099-C07A-BD6A-F39BAC511178">
<hideElementsInCurrentOnly>false</hideElementsInCurrentOnly>
<backgroundColor>-16777216</backgroundColor>
<lineWidth>1</lineWidth>
<sourceLabel class="oracle.dbtools.crest.model.design.Label">
<site>0</site>
<labelBounds x="552" y="214" width="52" height="30"/>
<noBackgroundColor>true</noBackgroundColor>
<noForegroundColor>true</noForegroundColor>
</sourceLabel>
<targetLabel class="oracle.dbtools.crest.model.design.Label">
<site>2</site>
<labelBounds x="695" y="247" width="18" height="30"/>
<noBackgroundColor>true</noBackgroundColor>
<noForegroundColor>true</noForegroundColor>
</targetLabel>
<points>
<point x="542" y="244"/>
<point x="719" y="244"/>
</points>
</Connector>
<Connector class="oracle.dbtools.crest.swingui.logical.TVRelation" oid="34EB5515-3421-9E62-64CA-7263F0F8B1D5" otype="Relation" vid_source="A7B60051-26B5-7CDD-F28F-D9A1DDAA5174" vid_target="26944A0B-240C-58C1-2D4A-C998396B337C">
<hideElementsInCurrentOnly>false</hideElementsInCurrentOnly>
<backgroundColor>-16777216</backgroundColor>
<lineWidth>1</lineWidth>
<sourceLabel class="oracle.dbtools.crest.model.design.Label">
<site>0</site>
<labelBounds x="1034" y="664" width="35" height="30"/>
<noBackgroundColor>true</noBackgroundColor>
<noForegroundColor>true</noForegroundColor>
</sourceLabel>
<targetLabel class="oracle.dbtools.crest.model.design.Label">
<site>2</site>
<labelBounds x="937" y="697" width="18" height="30"/>
<noBackgroundColor>true</noBackgroundColor>
<noForegroundColor>true</noForegroundColor>
</targetLabel>
<points>
<point x="1075" y="694"/>
<point x="927" y="694"/>
</points>
</Connector>
<Connector class="oracle.dbtools.crest.swingui.logical.TVRelation" oid="3869A22F-D2E3-51B1-7E55-AC39586E6E10" otype="Relation" vid_source="26944A0B-240C-58C1-2D4A-C998396B337C" vid_target="7606822E-F2A0-0FAF-2C33-BD7F5924AD87">
<hideElementsInCurrentOnly>false</hideElementsInCurrentOnly>
<backgroundColor>-16777216</backgroundColor>
<lineWidth>1</lineWidth>
<sourceLabel class="oracle.dbtools.crest.model.design.Label">
<site>0</site>
<labelBounds x="881" y="811" width="32" height="30"/>
<noBackgroundColor>true</noBackgroundColor>
<noForegroundColor>true</noForegroundColor>
</sourceLabel>
<targetLabel class="oracle.dbtools.crest.model.design.Label">
<site>2</site>
<labelBounds x="881" y="813" width="18" height="30"/>
<noBackgroundColor>true</noBackgroundColor>
<noForegroundColor>true</noForegroundColor>
</targetLabel>
<points>
<point x="881" y="775"/>
<point x="881" y="849"/>
</points>
</Connector>
<Connector class="oracle.dbtools.crest.swingui.logical.TVRelation" oid="472F981D-A565-1156-D815-51AA57B4F38D" otype="Relation" vid_source="7606822E-F2A0-0FAF-2C33-BD7F5924AD87" vid_target="6FFFF352-BFC6-5CB0-BBCC-8462BFEEF6C8">
<hideElementsInCurrentOnly>false</hideElementsInCurrentOnly>
<backgroundColor>-16777216</backgroundColor>
<lineWidth>1</lineWidth>
<sourceLabel class="oracle.dbtools.crest.model.design.Label">
<site>0</site>
<labelBounds x="941" y="1035" width="37" height="30"/>
<noBackgroundColor>true</noBackgroundColor>
<noForegroundColor>true</noForegroundColor>
</sourceLabel>
<targetLabel class="oracle.dbtools.crest.model.design.Label">
<site>2</site>
<labelBounds x="944" y="1040" width="18" height="30"/>
<noBackgroundColor>true</noBackgroundColor>
<noForegroundColor>true</noForegroundColor>
</targetLabel>
<points>
<point x="941" y="999"/>
<point x="944" y="1076"/>
</points>
</Connector>
<Connector class="oracle.dbtools.crest.swingui.logical.TVRelation" oid="50D194D8-B51E-4365-1480-2BF34400E7F2" otype="Relation" vid_source="26944A0B-240C-58C1-2D4A-C998396B337C" vid_target="15C0D7F0-D862-1C47-318B-6B1EFFBDAE1D">
<hideElementsInCurrentOnly>false</hideElementsInCurrentOnly>
<backgroundColor>-16777216</backgroundColor>
<lineWidth>1</lineWidth>
<sourceLabel class="oracle.dbtools.crest.model.design.Label">
<site>0</site>
<labelBounds x="760" y="827" width="35" height="30"/>
<noBackgroundColor>true</noBackgroundColor>
<noForegroundColor>true</noForegroundColor>
</sourceLabel>
<targetLabel class="oracle.dbtools.crest.model.design.Label">
<site>2</site>
<labelBounds x="760" y="816" width="27" height="26"/>
<noBackgroundColor>true</noBackgroundColor>
<noForegroundColor>true</noForegroundColor>
</targetLabel>
<points>
<point x="760" y="775"/>
<point x="760" y="848"/>
</points>
</Connector>
<Connector class="oracle.dbtools.crest.swingui.logical.TVRelation" oid="54E86F81-BF31-24D5-5008-7923F828FF7C" otype="Relation" vid_source="56853645-F5C2-0234-9E77-D1CF3281BDF9" vid_target="0354A6D7-DFF8-B706-9D51-416B38DF305B">
<hideElementsInCurrentOnly>false</hideElementsInCurrentOnly>
<backgroundColor>-16777216</backgroundColor>
<lineWidth>1</lineWidth>
<sourceLabel class="oracle.dbtools.crest.model.design.Label">
<site>0</site>
<labelBounds x="1196" y="997" width="35" height="30"/>
<noBackgroundColor>true</noBackgroundColor>
<noForegroundColor>true</noForegroundColor>
</sourceLabel>
<targetLabel class="oracle.dbtools.crest.model.design.Label">
<site>2</site>
<labelBounds x="1196" y="1027" width="18" height="30"/>
<noBackgroundColor>true</noBackgroundColor>
<noForegroundColor>true</noForegroundColor>
</targetLabel>
<points>
<point x="1196" y="961"/>
<point x="1196" y="1063"/>
</points>
</Connector>
<Connector class="oracle.dbtools.crest.swingui.logical.TVRelation" oid="56418624-6A95-E141-AA5A-B0E5E6176AC6" otype="Relation" vid_source="20A82098-8A7A-F946-55C8-BD16F8F032E7" vid_target="DE21C49A-C6FB-3618-FA87-2DE9BC933035">
<hideElementsInCurrentOnly>false</hideElementsInCurrentOnly>
<backgroundColor>-16777216</backgroundColor>
<lineWidth>1</lineWidth>
<sourceLabel class="oracle.dbtools.crest.model.design.Label">
<site>0</site>
<labelBounds x="410" y="784" width="51" height="30"/>
<noBackgroundColor>true</noBackgroundColor>
<noForegroundColor>true</noForegroundColor>
</sourceLabel>
<targetLabel class="oracle.dbtools.crest.model.design.Label">
<site>2</site>
<labelBounds x="410" y="780" width="18" height="30"/>
<noBackgroundColor>true</noBackgroundColor>
<noForegroundColor>true</noForegroundColor>
</targetLabel>
<points>
<point x="410" y="820"/>
<point x="410" y="736"/>
</points>
</Connector>
<Connector class="oracle.dbtools.crest.swingui.logical.TVRelation" oid="5A08B932-22E0-7EFA-08FC-6DA8173878E4" otype="Relation" vid_source="BAB1F339-561A-7629-7FA4-05AF2FE1E9B9" vid_target="20A82098-8A7A-F946-55C8-BD16F8F032E7">
<hideElementsInCurrentOnly>false</hideElementsInCurrentOnly>
<backgroundColor>-16777216</backgroundColor>
<lineWidth>1</lineWidth>
<sourceLabel class="oracle.dbtools.crest.model.design.Label">
<site>0</site>
<labelBounds x="402" y="1014" width="12" height="30"/>
<noBackgroundColor>true</noBackgroundColor>
<noForegroundColor>true</noForegroundColor>
</sourceLabel>
<targetLabel class="oracle.dbtools.crest.model.design.Label">
<site>2</site>
<labelBounds x="402" y="1006" width="78" height="36"/>
<noBackgroundColor>true</noBackgroundColor>
<noForegroundColor>true</noForegroundColor>
</targetLabel>
<points>
<point x="402" y="1050"/>
<point x="402" y="962"/>
</points>
</Connector>
<Connector class="oracle.dbtools.crest.swingui.logical.TVRelation" oid="5E907060-D3F3-1DA3-42AA-6B864A9C83E8" otype="Relation" vid_source="7606822E-F2A0-0FAF-2C33-BD7F5924AD87" vid_target="56853645-F5C2-0234-9E77-D1CF3281BDF9">
<hideElementsInCurrentOnly>false</hideElementsInCurrentOnly>
<backgroundColor>-16777216</backgroundColor>
<lineWidth>1</lineWidth>
<sourceLabel class="oracle.dbtools.crest.model.design.Label">
<site>0</site>
<labelBounds x="1030" y="876" width="32" height="30"/>
<noBackgroundColor>true</noBackgroundColor>
<noForegroundColor>true</noForegroundColor>
</sourceLabel>
<targetLabel class="oracle.dbtools.crest.model.design.Label">
<site>2</site>
<labelBounds x="1085" y="909" width="18" height="30"/>
<noBackgroundColor>true</noBackgroundColor>
<noForegroundColor>true</noForegroundColor>
</targetLabel>
<points>
<point x="1020" y="906"/>
<point x="1109" y="906"/>
</points>
</Connector>
<Connector class="oracle.dbtools.crest.swingui.logical.TVRelation" oid="70ADDE93-2571-CEA3-A088-FD0EA9708186" otype="Relation" vid_source="D87EA536-0AC2-5969-3A36-561A39CC9293" vid_target="5EA0E15C-794A-E3A4-0B82-677F574FA290">
<hideElementsInCurrentOnly>false</hideElementsInCurrentOnly>
<backgroundColor>-16777216</backgroundColor>
<lineWidth>1</lineWidth>
<sourceLabel class="oracle.dbtools.crest.model.design.Label">
<site>0</site>
<labelBounds x="415" y="361" width="32" height="30"/>
<noBackgroundColor>true</noBackgroundColor>
<noForegroundColor>true</noForegroundColor>
</sourceLabel>
<targetLabel class="oracle.dbtools.crest.model.design.Label">
<site>2</site>
<labelBounds x="415" y="347" width="18" height="32"/>
<noBackgroundColor>true</noBackgroundColor>
<noForegroundColor>true</noForegroundColor>
</targetLabel>
<points>
<point x="415" y="309"/>
<point x="415" y="393"/>
</points>
</Connector>
<Connector class="oracle.dbtools.crest.swingui.logical.TVRelation" oid="A19975E1-3E7D-B71B-3A90-1D00B2443504" otype="Relation" vid_source="26944A0B-240C-58C1-2D4A-C998396B337C" vid_target="13249156-2458-CD47-DE0D-6C9E375F1D3A">
<hideElementsInCurrentOnly>false</hideElementsInCurrentOnly>
<backgroundColor>-16777216</backgroundColor>
<lineWidth>1</lineWidth>
<sourceLabel class="oracle.dbtools.crest.model.design.Label">
<site>0</site>
<labelBounds x="834" y="598" width="35" height="30"/>
<noBackgroundColor>true</noBackgroundColor>
<noForegroundColor>true</noForegroundColor>
</sourceLabel>
<targetLabel class="oracle.dbtools.crest.model.design.Label">
<site>2</site>
<labelBounds x="834" y="570" width="17" height="30"/>
<noBackgroundColor>true</noBackgroundColor>
<noForegroundColor>true</noForegroundColor>
</targetLabel>
<points>
<point x="834" y="642"/>
<point x="834" y="534"/>
</points>
</Connector>
<Connector class="oracle.dbtools.crest.swingui.logical.TVRelation" oid="A80F50DF-5E44-5593-77EE-CD3F70786CBF" otype="Relation" vid_source="AF8DDEF5-048A-B633-CB06-A9FA0C37B040" vid_target="D87EA536-0AC2-5969-3A36-561A39CC9293">
<hideElementsInCurrentOnly>false</hideElementsInCurrentOnly>
<backgroundColor>-16777216</backgroundColor>
<lineWidth>1</lineWidth>
<sourceLabel class="oracle.dbtools.crest.model.design.Label">
<site>0</site>
<labelBounds x="217" y="207" width="58" height="30"/>
<noBackgroundColor>true</noBackgroundColor>
<noForegroundColor>true</noForegroundColor>
</sourceLabel>
<targetLabel class="oracle.dbtools.crest.model.design.Label">
<site>2</site>
<labelBounds x="286" y="240" width="21" height="30"/>
<noBackgroundColor>true</noBackgroundColor>
<noForegroundColor>true</noForegroundColor>
</targetLabel>
<points>
<point x="207" y="237"/>
<point x="313" y="237"/>
</points>
</Connector>
<Connector class="oracle.dbtools.crest.swingui.logical.TVRelation" oid="BA2290EE-6204-993A-82BB-4F3DEC4DE060" otype="Relation" vid_source="5EA0E15C-794A-E3A4-0B82-677F574FA290" vid_target="DE21C49A-C6FB-3618-FA87-2DE9BC933035">
<hideElementsInCurrentOnly>false</hideElementsInCurrentOnly>
<backgroundColor>-16777216</backgroundColor>
<lineWidth>1</lineWidth>
<sourceLabel class="oracle.dbtools.crest.model.design.Label">
<site>0</site>
<labelBounds x="415" y="561" width="54" height="30"/>
<noBackgroundColor>true</noBackgroundColor>
<noForegroundColor>true</noForegroundColor>
</sourceLabel>
<targetLabel class="oracle.dbtools.crest.model.design.Label">
<site>2</site>
<labelBounds x="415" y="559" width="19" height="31"/>
<noBackgroundColor>true</noBackgroundColor>
<noForegroundColor>true</noForegroundColor>
</targetLabel>
<points>
<point x="415" y="525"/>
<point x="415" y="612"/>
</points>
</Connector>
<Connector class="oracle.dbtools.crest.swingui.logical.TVRelation" oid="CE60B1FF-D9FC-FEBC-4881-7CC0ACFFBF5E" otype="Relation" vid_source="20A82098-8A7A-F946-55C8-BD16F8F032E7" vid_target="20A82098-8A7A-F946-55C8-BD16F8F032E7">
<hideElementsInCurrentOnly>false</hideElementsInCurrentOnly>
<backgroundColor>-16777216</backgroundColor>
<lineWidth>1</lineWidth>
<sourceLabel class="oracle.dbtools.crest.model.design.Label">
<site>0</site>
<labelBounds x="529" y="859" width="43" height="30"/>
<noBackgroundColor>true</noBackgroundColor>
<noForegroundColor>true</noForegroundColor>
</sourceLabel>
<targetLabel class="oracle.dbtools.crest.model.design.Label">
<site>2</site>
<labelBounds x="487" y="782" width="16" height="30"/>
<noBackgroundColor>true</noBackgroundColor>
<noForegroundColor>true</noForegroundColor>
</targetLabel>
<points>
<point x="499" y="874"/>
<point x="529" y="874"/>
<point x="530" y="795"/>
<point x="487" y="795"/>
<point x="487" y="820"/>
</points>
</Connector>
<Connector class="oracle.dbtools.crest.swingui.logical.TVRelation" oid="F5EB8924-D4E7-09E3-2C1C-EF3EED427B44" otype="Relation" vid_source="16796FE9-0099-C07A-BD6A-F39BAC511178" vid_target="13249156-2458-CD47-DE0D-6C9E375F1D3A">
<hideElementsInCurrentOnly>false</hideElementsInCurrentOnly>
<backgroundColor>-16777216</backgroundColor>
<lineWidth>1</lineWidth>
<sourceLabel class="oracle.dbtools.crest.model.design.Label">
<site>0</site>
<labelBounds x="826" y="349" width="51" height="30"/>
<noBackgroundColor>true</noBackgroundColor>
<noForegroundColor>true</noForegroundColor>
</sourceLabel>
<targetLabel class="oracle.dbtools.crest.model.design.Label">
<site>2</site>
<labelBounds x="826" y="371" width="18" height="30"/>
<noBackgroundColor>true</noBackgroundColor>
<noForegroundColor>true</noForegroundColor>
</targetLabel>
<points>
<point x="826" y="305"/>
<point x="826" y="415"/>
</points>
</Connector>
</connectors>
</Diagram>
