<?xml version = '1.0' encoding = 'UTF-8'?>
<Entity class="oracle.dbtools.crest.model.design.logical.Entity" directorySegmentName="seg_0" id="0BACFDAC-1983-C452-4911-A77A4F702810" name="COUNTRY">
<createdBy>chenzhuo</createdBy>
<createdTime>2022-04-27 17:37:59 UTC</createdTime>
<ownerDesignName>wc_oraclemodel</ownerDesignName>
<engineerTo>
<item key="C51455D0-CA9C-7DF3-C6F1-07106A501C04" value="true"/>
</engineerTo>
<adequatelyNormalized>NO</adequatelyNormalized>
<expectedVolumes>0</expectedVolumes>
<fwdEngineeringStrategyName>Single Table</fwdEngineeringStrategyName>
<growthPercent>0</growthPercent>
<growthType>Year</growthType>
<maxVolumes>9999999</maxVolumes>
<minVolumes>0</minVolumes>
<normalForm>Third</normalForm>
<attributes itemClass="oracle.dbtools.crest.model.design.logical.Attribute">
<Attribute name="country_code" id="BBDBF76A-3FA3-BCB3-F769-E6372027D8CB">
<createdBy>chenzhuo</createdBy>
<createdTime>2022-04-27 17:38:23 UTC</createdTime>
<commentInRDBMS><![CDATA[country code]]></commentInRDBMS>
<ownerDesignName>wc_oraclemodel</ownerDesignName>
<engineerTo>
<item key="C51455D0-CA9C-7DF3-C6F1-07106A501C04" value="true"/>
</engineerTo>
<useDomainConstraints>false</useDomainConstraints>
<use>1</use>
<logicalDatatype>LOGDT025</logicalDatatype>
<dataTypeSize>2</dataTypeSize>
<ownDataTypeParameters>2,,</ownDataTypeParameters>
</Attribute>
<Attribute name="country_name" id="57234445-69A1-05FB-FE82-CE2F416FD7F3">
<createdBy>chenzhuo</createdBy>
<createdTime>2022-04-27 17:40:25 UTC</createdTime>
<commentInRDBMS><![CDATA[country name]]></commentInRDBMS>
<ownerDesignName>wc_oraclemodel</ownerDesignName>
<engineerTo>
<item key="C51455D0-CA9C-7DF3-C6F1-07106A501C04" value="true"/>
</engineerTo>
<useDomainConstraints>false</useDomainConstraints>
<use>1</use>
<logicalDatatype>LOGDT024</logicalDatatype>
<dataTypeSize>20</dataTypeSize>
<ownDataTypeParameters>20,,</ownDataTypeParameters>
</Attribute>
</attributes>
<identifiers itemClass="oracle.dbtools.crest.model.design.logical.CandidateKey">
<identifier id="EDAC1B7F-6AC2-0C6E-CEF8-7E7B34FD6082" name="COUNTRY PK">
<createdBy>chenzhuo</createdBy>
<createdTime>2022-04-27 17:38:32 UTC</createdTime>
<ownerDesignName>wc_oraclemodel</ownerDesignName>
<engineerTo>
<item key="C51455D0-CA9C-7DF3-C6F1-07106A501C04" value="true"/>
</engineerTo>
<pk>true</pk>
<usedAttributes>
<attributeRef>BBDBF76A-3FA3-BCB3-F769-E6372027D8CB</attributeRef>
</usedAttributes>
</identifier>
</identifiers>
</Entity>
