<?xml version = '1.0' encoding = 'UTF-8'?>
<Entity class="oracle.dbtools.crest.model.design.logical.Entity" directorySegmentName="seg_0" id="51F6FA41-50A2-7EE2-BDD2-41AA5B02B42E" name="SHIP">
<createdBy>User</createdBy>
<createdTime>2022-04-24 07:42:37 UTC</createdTime>
<ownerDesignName>wc_oraclemodel</ownerDesignName>
<engineerTo>
<item key="C51455D0-CA9C-7DF3-C6F1-07106A501C04" value="true"/>
</engineerTo>
<adequatelyNormalized>NO</adequatelyNormalized>
<expectedVolumes>0</expectedVolumes>
<fwdEngineeringStrategyName>Single Table</fwdEngineeringStrategyName>
<growthPercent>0</growthPercent>
<growthType>Year</growthType>
<maxVolumes>9999999</maxVolumes>
<minVolumes>0</minVolumes>
<normalForm>Third</normalForm>
<attributes itemClass="oracle.dbtools.crest.model.design.logical.Attribute">
<Attribute name="ship_code" id="EC7568A0-716E-F7D1-DAA3-066F52F9CCCC">
<createdBy>User</createdBy>
<createdTime>2022-04-24 07:42:45 UTC</createdTime>
<commentInRDBMS><![CDATA[ship code]]></commentInRDBMS>
<ownerDesignName>wc_oraclemodel</ownerDesignName>
<engineerTo>
<item key="C51455D0-CA9C-7DF3-C6F1-07106A501C04" value="true"/>
</engineerTo>
<useDomainConstraints>false</useDomainConstraints>
<use>1</use>
<logicalDatatype>LOGDT019</logicalDatatype>
<dataTypePrecision>6</dataTypePrecision>
<ownDataTypeParameters>,6,</ownDataTypeParameters>
</Attribute>
<Attribute name="ship_name" id="0693C0B3-A35F-0806-5F42-47A69E658B5C">
<createdBy>User</createdBy>
<createdTime>2022-04-24 07:42:46 UTC</createdTime>
<commentInRDBMS><![CDATA[ship name]]></commentInRDBMS>
<ownerDesignName>wc_oraclemodel</ownerDesignName>
<engineerTo>
<item key="C51455D0-CA9C-7DF3-C6F1-07106A501C04" value="true"/>
</engineerTo>
<useDomainConstraints>false</useDomainConstraints>
<use>1</use>
<logicalDatatype>LOGDT024</logicalDatatype>
<dataTypeSize>15</dataTypeSize>
<ownDataTypeParameters>15,,</ownDataTypeParameters>
</Attribute>
<Attribute name="ship_date_commision" id="72030D9A-6016-BBC1-52E4-E1241ED5FA02">
<createdBy>User</createdBy>
<createdTime>2022-04-24 07:42:46 UTC</createdTime>
<commentInRDBMS><![CDATA[ship date commision]]></commentInRDBMS>
<ownerDesignName>wc_oraclemodel</ownerDesignName>
<engineerTo>
<item key="C51455D0-CA9C-7DF3-C6F1-07106A501C04" value="true"/>
</engineerTo>
<useDomainConstraints>false</useDomainConstraints>
<use>1</use>
<logicalDatatype>LOGDT007</logicalDatatype>
<ownDataTypeParameters>,,</ownDataTypeParameters>
</Attribute>
<Attribute name="ship_tonnage" id="1D316610-355A-1AB2-E8E9-AC0E9705463E">
<createdBy>User</createdBy>
<createdTime>2022-04-24 07:42:46 UTC</createdTime>
<commentInRDBMS><![CDATA[ship tonnage]]></commentInRDBMS>
<ownerDesignName>wc_oraclemodel</ownerDesignName>
<engineerTo>
<item key="C51455D0-CA9C-7DF3-C6F1-07106A501C04" value="true"/>
</engineerTo>
<useDomainConstraints>false</useDomainConstraints>
<use>1</use>
<logicalDatatype>LOGDT019</logicalDatatype>
<dataTypePrecision>7</dataTypePrecision>
<dataTypeScale>2</dataTypeScale>
<ownDataTypeParameters>,7,2</ownDataTypeParameters>
</Attribute>
<Attribute name="ship_max_capacity" id="C494FC6A-F0CE-847E-4C9D-8CDEB9BE3371">
<createdBy>User</createdBy>
<createdTime>2022-04-24 07:42:47 UTC</createdTime>
<commentInRDBMS><![CDATA[ship's max capacity]]></commentInRDBMS>
<ownerDesignName>wc_oraclemodel</ownerDesignName>
<engineerTo>
<item key="C51455D0-CA9C-7DF3-C6F1-07106A501C04" value="true"/>
</engineerTo>
<useDomainConstraints>false</useDomainConstraints>
<use>1</use>
<logicalDatatype>LOGDT019</logicalDatatype>
<dataTypePrecision>6</dataTypePrecision>
<dataTypeScale>2</dataTypeScale>
<ownDataTypeParameters>,6,2</ownDataTypeParameters>
</Attribute>
<Attribute name="ship_country_registered" id="8C0E9F66-5B05-9E70-346E-AC991259C643">
<createdBy>User</createdBy>
<createdTime>2022-04-24 07:42:47 UTC</createdTime>
<commentInRDBMS><![CDATA[ship country registered]]></commentInRDBMS>
<ownerDesignName>wc_oraclemodel</ownerDesignName>
<engineerTo>
<item key="C51455D0-CA9C-7DF3-C6F1-07106A501C04" value="true"/>
</engineerTo>
<useDomainConstraints>false</useDomainConstraints>
<use>1</use>
<logicalDatatype>LOGDT024</logicalDatatype>
<dataTypeSize>10</dataTypeSize>
<ownDataTypeParameters>10,,</ownDataTypeParameters>
</Attribute>
<Attribute name="op_id" id="B7CE2B95-1586-7206-D222-8D32AFEAAD10">
<createdBy>chenzhuo</createdBy>
<createdTime>2022-04-26 10:41:08 UTC</createdTime>
<commentInRDBMS><![CDATA[operator id]]></commentInRDBMS>
<generatorID>A80F50DF-5E44-5593-77EE-CD3F70786CBF</generatorID>
<ownerDesignName>wc_oraclemodel</ownerDesignName>
<engineerTo>
<item key="C51455D0-CA9C-7DF3-C6F1-07106A501C04" value="true"/>
</engineerTo>
<referedAttribute>E19A5751-C50B-DDEE-BFB9-123E79245348</referedAttribute>
<useDomainConstraints>false</useDomainConstraints>
<use>1</use>
<logicalDatatype>LOGDT019</logicalDatatype>
<dataTypePrecision>6</dataTypePrecision>
<ownDataTypeParameters>,6,</ownDataTypeParameters>
</Attribute>
</attributes>
<identifiers itemClass="oracle.dbtools.crest.model.design.logical.CandidateKey">
<identifier id="D86F95CB-73F2-F70D-4E6C-FF65CD791E4D" name="SHIP PK">
<createdBy>User</createdBy>
<createdTime>2022-04-24 07:43:18 UTC</createdTime>
<ownerDesignName>wc_oraclemodel</ownerDesignName>
<engineerTo>
<item key="C51455D0-CA9C-7DF3-C6F1-07106A501C04" value="true"/>
</engineerTo>
<pk>true</pk>
<usedAttributes>
<attributeRef>EC7568A0-716E-F7D1-DAA3-066F52F9CCCC</attributeRef>
</usedAttributes>
</identifier>
</identifiers>
</Entity>
