<?xml version = '1.0' encoding = 'UTF-8'?>
<Entity class="oracle.dbtools.crest.model.design.logical.Entity" directorySegmentName="seg_0" id="55D2CA7B-D035-4182-AFB5-4ECE7113A5B3" name="PORT_TEMPERATURE">
<createdBy>chenzhuo</createdBy>
<createdTime>2022-04-27 18:17:56 UTC</createdTime>
<ownerDesignName>wc_oraclemodel</ownerDesignName>
<engineerTo>
<item key="C51455D0-CA9C-7DF3-C6F1-07106A501C04" value="true"/>
</engineerTo>
<adequatelyNormalized>NO</adequatelyNormalized>
<expectedVolumes>0</expectedVolumes>
<fwdEngineeringStrategyName>Single Table</fwdEngineeringStrategyName>
<growthPercent>0</growthPercent>
<growthType>Year</growthType>
<maxVolumes>9999999</maxVolumes>
<minVolumes>0</minVolumes>
<normalForm>Third</normalForm>
<attributes itemClass="oracle.dbtools.crest.model.design.logical.Attribute">
<Attribute name="pt_month" id="F8417FD0-3EA4-2A95-A663-2B3FF1CD6174">
<createdBy>chenzhuo</createdBy>
<createdTime>2022-04-27 18:18:17 UTC</createdTime>
<commentInRDBMS><![CDATA[port month]]></commentInRDBMS>
<ownerDesignName>wc_oraclemodel</ownerDesignName>
<engineerTo>
<item key="C51455D0-CA9C-7DF3-C6F1-07106A501C04" value="true"/>
</engineerTo>
<constraintName>chk_port_month</constraintName>
<useDomainConstraints>false</useDomainConstraints>
<use>1</use>
<logicalDatatype>LOGDT025</logicalDatatype>
<dataTypeSize>4</dataTypeSize>
<listOfValues>
<valueDef value="Apr" description="April"/>
<valueDef value="Aug" description="August"/>
<valueDef value="Dec" description="December"/>
<valueDef value="Feb" description="February"/>
<valueDef value="Jan" description="January"/>
<valueDef value="July" description="July"/>
<valueDef value="Jun" description="Jun"/>
<valueDef value="Mar" description="March"/>
<valueDef value="May" description="May"/>
<valueDef value="Nov" description="November"/>
<valueDef value="Oct" description="October"/>
<valueDef value="Sep" description="September"/>
</listOfValues>
<ownDataTypeParameters>4,,</ownDataTypeParameters>
</Attribute>
<Attribute name="pt_avg_high" id="5F53C72D-FC2C-C49E-F2EA-A1E851BD206F">
<createdBy>chenzhuo</createdBy>
<createdTime>2022-04-27 18:28:52 UTC</createdTime>
<commentInRDBMS><![CDATA[port temperature average high]]></commentInRDBMS>
<ownerDesignName>wc_oraclemodel</ownerDesignName>
<engineerTo>
<item key="C51455D0-CA9C-7DF3-C6F1-07106A501C04" value="true"/>
</engineerTo>
<useDomainConstraints>false</useDomainConstraints>
<use>1</use>
<logicalDatatype>LOGDT019</logicalDatatype>
<dataTypePrecision>2</dataTypePrecision>
<ownDataTypeParameters>,2,</ownDataTypeParameters>
</Attribute>
<Attribute name="pt_avg_low" id="36D7CB78-9CE7-5A32-657A-DD8ADC8EE0C9">
<createdBy>chenzhuo</createdBy>
<createdTime>2022-04-27 18:30:02 UTC</createdTime>
<commentInRDBMS><![CDATA[port temperature average low]]></commentInRDBMS>
<ownerDesignName>wc_oraclemodel</ownerDesignName>
<engineerTo>
<item key="C51455D0-CA9C-7DF3-C6F1-07106A501C04" value="true"/>
</engineerTo>
<useDomainConstraints>false</useDomainConstraints>
<use>1</use>
<logicalDatatype>LOGDT019</logicalDatatype>
<dataTypePrecision>2</dataTypePrecision>
<ownDataTypeParameters>,2,</ownDataTypeParameters>
</Attribute>
<Attribute name="port_code" id="871DA894-6766-22EA-F43D-329C9CE40ECE">
<createdBy>chenzhuo</createdBy>
<createdTime>2022-04-27 18:31:36 UTC</createdTime>
<commentInRDBMS><![CDATA[port code]]></commentInRDBMS>
<generatorID>50D194D8-B51E-4365-1480-2BF34400E7F2</generatorID>
<ownerDesignName>wc_oraclemodel</ownerDesignName>
<engineerTo>
<item key="C51455D0-CA9C-7DF3-C6F1-07106A501C04" value="true"/>
</engineerTo>
<referedAttribute>F0242C55-D09E-555B-ABAF-E1933EBECD4C</referedAttribute>
<useDomainConstraints>false</useDomainConstraints>
<use>1</use>
<logicalDatatype>LOGDT024</logicalDatatype>
<dataTypeSize>10</dataTypeSize>
<ownDataTypeParameters>,,</ownDataTypeParameters>
</Attribute>
</attributes>
<identifiers itemClass="oracle.dbtools.crest.model.design.logical.CandidateKey">
<identifier id="5C6D59EE-1BE7-C4CF-7DFA-F0AE635A79EC" name="PORT_TEMPERATURE PK">
<createdBy>chenzhuo</createdBy>
<createdTime>2022-04-27 18:18:25 UTC</createdTime>
<ownerDesignName>wc_oraclemodel</ownerDesignName>
<engineerTo>
<item key="C51455D0-CA9C-7DF3-C6F1-07106A501C04" value="true"/>
</engineerTo>
<pk>true</pk>
<usedAttributes>
<attributeRef>214B6E0A-9DBA-4BC7-3DE7-AB2E1C6656BF</attributeRef>
<attributeRef>F8417FD0-3EA4-2A95-A663-2B3FF1CD6174</attributeRef>
<attributeRef>871DA894-6766-22EA-F43D-329C9CE40ECE</attributeRef>
</usedAttributes>
</identifier>
</identifiers>
</Entity>
