<?xml version = '1.0' encoding = 'UTF-8'?>
<Entity class="oracle.dbtools.crest.model.design.logical.Entity" directorySegmentName="seg_0" id="9C42C149-42EB-F942-41F6-0A6A6CF379F5" name="ADDRESS">
<createdBy>User</createdBy>
<createdTime>2022-04-24 08:41:15 UTC</createdTime>
<ownerDesignName>wc_oraclemodel</ownerDesignName>
<engineerTo>
<item key="C51455D0-CA9C-7DF3-C6F1-07106A501C04" value="true"/>
</engineerTo>
<adequatelyNormalized>NO</adequatelyNormalized>
<expectedVolumes>0</expectedVolumes>
<fwdEngineeringStrategyName>Single Table</fwdEngineeringStrategyName>
<growthPercent>0</growthPercent>
<growthType>Year</growthType>
<maxVolumes>9999999</maxVolumes>
<minVolumes>0</minVolumes>
<normalForm>Third</normalForm>
<attributes itemClass="oracle.dbtools.crest.model.design.logical.Attribute">
<Attribute name="addr_id" id="856B2BBF-2F1C-7DF1-D378-D0D49ADBB705">
<createdBy>User</createdBy>
<createdTime>2022-04-24 08:43:09 UTC</createdTime>
<commentInRDBMS><![CDATA[address id]]></commentInRDBMS>
<ownerDesignName>wc_oraclemodel</ownerDesignName>
<engineerTo>
<item key="C51455D0-CA9C-7DF3-C6F1-07106A501C04" value="true"/>
</engineerTo>
<useDomainConstraints>false</useDomainConstraints>
<use>1</use>
<logicalDatatype>LOGDT019</logicalDatatype>
<dataTypePrecision>6</dataTypePrecision>
<ownDataTypeParameters>,6,</ownDataTypeParameters>
</Attribute>
<Attribute name="addr_street" id="3B12857E-959F-DDAB-6E67-1A88CA646EC2">
<createdBy>User</createdBy>
<createdTime>2022-04-24 08:43:09 UTC</createdTime>
<commentInRDBMS><![CDATA[address street]]></commentInRDBMS>
<ownerDesignName>wc_oraclemodel</ownerDesignName>
<engineerTo>
<item key="C51455D0-CA9C-7DF3-C6F1-07106A501C04" value="true"/>
</engineerTo>
<useDomainConstraints>false</useDomainConstraints>
<use>1</use>
<logicalDatatype>LOGDT024</logicalDatatype>
<dataTypeSize>30</dataTypeSize>
<ownDataTypeParameters>30,,</ownDataTypeParameters>
</Attribute>
<Attribute name="addr_town" id="E60AAED2-F3B9-FBA4-254C-F70548B0146C">
<createdBy>User</createdBy>
<createdTime>2022-04-24 08:43:10 UTC</createdTime>
<commentInRDBMS><![CDATA[address town]]></commentInRDBMS>
<ownerDesignName>wc_oraclemodel</ownerDesignName>
<engineerTo>
<item key="C51455D0-CA9C-7DF3-C6F1-07106A501C04" value="true"/>
</engineerTo>
<useDomainConstraints>false</useDomainConstraints>
<use>1</use>
<logicalDatatype>LOGDT024</logicalDatatype>
<dataTypeSize>20</dataTypeSize>
<ownDataTypeParameters>20,,</ownDataTypeParameters>
</Attribute>
<Attribute name="addr_postcode" id="BBC95526-D1D2-C415-8868-9D14B5E9B14A">
<createdBy>User</createdBy>
<createdTime>2022-04-24 08:43:10 UTC</createdTime>
<commentInRDBMS><![CDATA[address post code]]></commentInRDBMS>
<ownerDesignName>wc_oraclemodel</ownerDesignName>
<engineerTo>
<item key="C51455D0-CA9C-7DF3-C6F1-07106A501C04" value="true"/>
</engineerTo>
<useDomainConstraints>false</useDomainConstraints>
<use>1</use>
<logicalDatatype>LOGDT024</logicalDatatype>
<dataTypeSize>10</dataTypeSize>
<ownDataTypeParameters>10,,</ownDataTypeParameters>
</Attribute>
<Attribute name="addr_country" id="D7D3F061-4D14-B72D-53B8-DE27BD219260">
<createdBy>User</createdBy>
<createdTime>2022-04-24 08:43:11 UTC</createdTime>
<commentInRDBMS><![CDATA[address country]]></commentInRDBMS>
<ownerDesignName>wc_oraclemodel</ownerDesignName>
<engineerTo>
<item key="C51455D0-CA9C-7DF3-C6F1-07106A501C04" value="true"/>
</engineerTo>
<useDomainConstraints>false</useDomainConstraints>
<use>1</use>
<logicalDatatype>LOGDT024</logicalDatatype>
<dataTypeSize>20</dataTypeSize>
<ownDataTypeParameters>20,,</ownDataTypeParameters>
</Attribute>
</attributes>
<identifiers itemClass="oracle.dbtools.crest.model.design.logical.CandidateKey">
<identifier id="D7B27C54-1B52-6955-5B21-CBEF2605791B" name="ADDRESS PK">
<createdBy>User</createdBy>
<createdTime>2022-04-24 08:43:30 UTC</createdTime>
<ownerDesignName>wc_oraclemodel</ownerDesignName>
<engineerTo>
<item key="C51455D0-CA9C-7DF3-C6F1-07106A501C04" value="true"/>
</engineerTo>
<pk>true</pk>
<usedAttributes>
<attributeRef>856B2BBF-2F1C-7DF1-D378-D0D49ADBB705</attributeRef>
</usedAttributes>
</identifier>
<identifier id="F8C0E041-86DB-5521-E847-4D6A08990CCB" name="ADDRESS_NK">
<createdBy>chenzhuo</createdBy>
<createdTime>2022-04-27 17:37:02 UTC</createdTime>
<ownerDesignName>wc_oraclemodel</ownerDesignName>
<engineerTo>
<item key="C51455D0-CA9C-7DF3-C6F1-07106A501C04" value="true"/>
</engineerTo>
<newElementsIDs>3B12857E-959F-DDAB-6E67-1A88CA646EC2,E60AAED2-F3B9-FBA4-254C-F70548B0146C,BBC95526-D1D2-C415-8868-9D14B5E9B14A,D7D3F061-4D14-B72D-53B8-DE27BD219260</newElementsIDs>
<usedAttributes>
<attributeRef>3B12857E-959F-DDAB-6E67-1A88CA646EC2</attributeRef>
<attributeRef>E60AAED2-F3B9-FBA4-254C-F70548B0146C</attributeRef>
<attributeRef>BBC95526-D1D2-C415-8868-9D14B5E9B14A</attributeRef>
<attributeRef>D7D3F061-4D14-B72D-53B8-DE27BD219260</attributeRef>
</usedAttributes>
</identifier>
</identifiers>
</Entity>
