<?xml version = '1.0' encoding = 'UTF-8'?>
<Entity class="oracle.dbtools.crest.model.design.logical.Entity" directorySegmentName="seg_0" id="9FAE2561-E6FC-4426-63E1-6E4B46D30E58" name="OPERATOR">
<createdBy>User</createdBy>
<createdTime>2022-04-24 06:03:38 UTC</createdTime>
<ownerDesignName>wc_oraclemodel</ownerDesignName>
<engineerTo>
<item key="C51455D0-CA9C-7DF3-C6F1-07106A501C04" value="true"/>
</engineerTo>
<adequatelyNormalized>NO</adequatelyNormalized>
<expectedVolumes>0</expectedVolumes>
<fwdEngineeringStrategyName>Single Table</fwdEngineeringStrategyName>
<growthPercent>0</growthPercent>
<growthType>Year</growthType>
<maxVolumes>9999999</maxVolumes>
<minVolumes>0</minVolumes>
<normalForm>Third</normalForm>
<attributes itemClass="oracle.dbtools.crest.model.design.logical.Attribute">
<Attribute name="op_id" id="E19A5751-C50B-DDEE-BFB9-123E79245348">
<createdBy>User</createdBy>
<createdTime>2022-04-24 06:05:00 UTC</createdTime>
<commentInRDBMS><![CDATA[operator id]]></commentInRDBMS>
<ownerDesignName>wc_oraclemodel</ownerDesignName>
<engineerTo>
<item key="C51455D0-CA9C-7DF3-C6F1-07106A501C04" value="true"/>
</engineerTo>
<useDomainConstraints>false</useDomainConstraints>
<use>1</use>
<logicalDatatype>LOGDT019</logicalDatatype>
<dataTypePrecision>6</dataTypePrecision>
<ownDataTypeParameters>,6,</ownDataTypeParameters>
</Attribute>
<Attribute name="op_company_name" id="1AC29620-FA03-5CB6-BADC-53E950450FB9">
<createdBy>User</createdBy>
<createdTime>2022-04-24 06:05:01 UTC</createdTime>
<commentInRDBMS><![CDATA[operator's company name]]></commentInRDBMS>
<ownerDesignName>wc_oraclemodel</ownerDesignName>
<engineerTo>
<item key="C51455D0-CA9C-7DF3-C6F1-07106A501C04" value="true"/>
</engineerTo>
<useDomainConstraints>false</useDomainConstraints>
<use>1</use>
<logicalDatatype>LOGDT024</logicalDatatype>
<dataTypeSize>20</dataTypeSize>
<ownDataTypeParameters>20,,</ownDataTypeParameters>
</Attribute>
<Attribute name="op_ceo_name" id="22210B6B-65B3-D769-F671-4D9FBB00C8D5">
<createdBy>User</createdBy>
<createdTime>2022-04-24 06:05:01 UTC</createdTime>
<commentInRDBMS><![CDATA[operator's CEO name]]></commentInRDBMS>
<ownerDesignName>wc_oraclemodel</ownerDesignName>
<engineerTo>
<item key="C51455D0-CA9C-7DF3-C6F1-07106A501C04" value="true"/>
</engineerTo>
<useDomainConstraints>false</useDomainConstraints>
<use>1</use>
<logicalDatatype>LOGDT024</logicalDatatype>
<dataTypeSize>15</dataTypeSize>
<ownDataTypeParameters>15,,</ownDataTypeParameters>
</Attribute>
</attributes>
<identifiers itemClass="oracle.dbtools.crest.model.design.logical.CandidateKey">
<identifier id="C48C2D68-F5A5-BBBD-7272-17B3BBFC3ACB" name="OPERATOR PK">
<createdBy>User</createdBy>
<createdTime>2022-04-24 06:07:01 UTC</createdTime>
<ownerDesignName>wc_oraclemodel</ownerDesignName>
<engineerTo>
<item key="C51455D0-CA9C-7DF3-C6F1-07106A501C04" value="true"/>
</engineerTo>
<pk>true</pk>
<usedAttributes>
<attributeRef>E19A5751-C50B-DDEE-BFB9-123E79245348</attributeRef>
</usedAttributes>
</identifier>
</identifiers>
</Entity>
