<?xml version = '1.0' encoding = 'UTF-8'?>
<Entity class="oracle.dbtools.crest.model.design.logical.Entity" directorySegmentName="seg_0" id="CEE703AC-E658-3120-5647-024FD6A1DB8B" name="COMMENTARY_LANGUAGE">
<createdBy>chenzhuo</createdBy>
<createdTime>2022-04-27 19:39:31 UTC</createdTime>
<ownerDesignName>wc_oraclemodel</ownerDesignName>
<engineerTo>
<item key="C51455D0-CA9C-7DF3-C6F1-07106A501C04" value="true"/>
</engineerTo>
<adequatelyNormalized>NO</adequatelyNormalized>
<expectedVolumes>0</expectedVolumes>
<fwdEngineeringStrategyName>Single Table</fwdEngineeringStrategyName>
<growthPercent>0</growthPercent>
<growthType>Year</growthType>
<maxVolumes>9999999</maxVolumes>
<minVolumes>0</minVolumes>
<normalForm>Third</normalForm>
<attributes itemClass="oracle.dbtools.crest.model.design.logical.Attribute">
<Attribute name="cl_language" id="50D45D3A-C923-DB72-6900-0337BD2EF862">
<createdBy>chenzhuo</createdBy>
<createdTime>2022-04-27 19:40:19 UTC</createdTime>
<commentInRDBMS><![CDATA[commentary language]]></commentInRDBMS>
<ownerDesignName>wc_oraclemodel</ownerDesignName>
<engineerTo>
<item key="C51455D0-CA9C-7DF3-C6F1-07106A501C04" value="true"/>
</engineerTo>
<useDomainConstraints>false</useDomainConstraints>
<use>1</use>
<logicalDatatype>LOGDT025</logicalDatatype>
<dataTypeSize>2</dataTypeSize>
<ownDataTypeParameters>2,,</ownDataTypeParameters>
</Attribute>
<Attribute name="tour_num" id="C34EB0A5-39F6-EEC8-8174-F888DE8C8032">
<createdBy>chenzhuo</createdBy>
<createdTime>2022-04-27 19:47:15 UTC</createdTime>
<commentInRDBMS><![CDATA[tour number]]></commentInRDBMS>
<generatorID>472F981D-A565-1156-D815-51AA57B4F38D</generatorID>
<ownerDesignName>wc_oraclemodel</ownerDesignName>
<engineerTo>
<item key="C51455D0-CA9C-7DF3-C6F1-07106A501C04" value="true"/>
</engineerTo>
<referedAttribute>9A8E0B67-3455-B87D-0BC1-F74D93A9FF4F</referedAttribute>
<useDomainConstraints>false</useDomainConstraints>
<use>1</use>
<logicalDatatype>LOGDT019</logicalDatatype>
<dataTypePrecision>2</dataTypePrecision>
<ownDataTypeParameters>,,</ownDataTypeParameters>
</Attribute>
<Attribute name="port_code" id="7A93649E-37F3-5E97-C263-207E60F97780">
<createdBy>chenzhuo</createdBy>
<createdTime>2022-04-27 19:47:15 UTC</createdTime>
<commentInRDBMS><![CDATA[port code]]></commentInRDBMS>
<generatorID>472F981D-A565-1156-D815-51AA57B4F38D</generatorID>
<ownerDesignName>wc_oraclemodel</ownerDesignName>
<engineerTo>
<item key="C51455D0-CA9C-7DF3-C6F1-07106A501C04" value="true"/>
</engineerTo>
<referedAttribute>DC676059-794E-03FF-E861-E7EA1682B330</referedAttribute>
<useDomainConstraints>false</useDomainConstraints>
<use>1</use>
<logicalDatatype>LOGDT024</logicalDatatype>
<dataTypeSize>10</dataTypeSize>
<ownDataTypeParameters>,,</ownDataTypeParameters>
</Attribute>
</attributes>
<identifiers itemClass="oracle.dbtools.crest.model.design.logical.CandidateKey">
<identifier id="B2B15177-9DA1-9500-19E3-AC6F65A41AFB" name="LANGUAGE PK">
<createdBy>chenzhuo</createdBy>
<createdTime>2022-04-27 19:40:11 UTC</createdTime>
<ownerDesignName>wc_oraclemodel</ownerDesignName>
<engineerTo>
<item key="C51455D0-CA9C-7DF3-C6F1-07106A501C04" value="true"/>
</engineerTo>
<pk>true</pk>
<usedAttributes>
<attributeRef>C34EB0A5-39F6-EEC8-8174-F888DE8C8032</attributeRef>
<attributeRef>7A93649E-37F3-5E97-C263-207E60F97780</attributeRef>
</usedAttributes>
</identifier>
</identifiers>
</Entity>
