<?xml version = '1.0' encoding = 'UTF-8'?>
<FKIndexAssociation class="oracle.dbtools.crest.model.design.relational.FKIndexAssociation" directorySegmentName="seg_0" id="60A7C330-0A15-A4A5-8D71-DBAFC35C075F" containerWithKeyObject="5444D9AC-AB80-55FF-1D1C-E9203BE7A336" localFKIndex="ABC482D6-A6AD-0F73-3C47-EE2D4E733739" name="CABIN_MANIFEST">
<createdBy>chenzhuo</createdBy>
<createdTime>2022-04-27 20:44:41 UTC</createdTime>
<generatorID>BA2290EE-6204-993A-82BB-4F3DEC4DE060</generatorID>
<ownerDesignName>wc_oraclemodel</ownerDesignName>
<referredTableLongName>CABIN</referredTableLongName>
<deleteRule>NO ACTION</deleteRule>
<referredTableID>501A8936-514E-7E21-B5ED-70CCC51C5D61</referredTableID>
<keyObject>EE076E32-B422-A286-616A-33C7116093D8</keyObject>
<referredKeyID>EE076E32-B422-A286-616A-33C7116093D8</referredKeyID>
<mandatory>true</mandatory>
<refColNames>cabin_num,ship_code</refColNames>
<transferable>true</transferable>
<rely>false</rely>
<columnDependencyConstraintGenerateInDDL>true</columnDependencyConstraintGenerateInDDL>
</FKIndexAssociation>
