<?xml version = '1.0' encoding = 'UTF-8'?>
<relationalModel class="oracle.dbtools.crest.model.design.relational.RelationalDesign" name="Relational_1" id="C51455D0-CA9C-7DF3-C6F1-07106A501C04" mainViewID="146D6D82-B952-4B37-87E5-C71286CCC10E">
<createdBy>User</createdBy>
<createdTime>2022-04-24 06:01:51 UTC</createdTime>
<ownerDesignName>wc_oraclemodel</ownerDesignName>
<shouldBeOpen>false</shouldBeOpen>
<selectedRDBMSSite>32076570-2523-435C-2E92-BF29817DFF70</selectedRDBMSSite>
</relationalModel>