<?xml version = '1.0' encoding = 'UTF-8'?>
<Diagram class="oracle.dbtools.crest.swingui.relational.DPVRelational" name="Relational_1" id="146D6D82-B952-4B37-87E5-C71286CCC10E">
<createdBy>User</createdBy>
<modifiedBy>User</modifiedBy>
<createdTime>2022-04-24 07:21:05 UTC</createdTime>
<autoRoute>false</autoRoute>
<boxInbox>true</boxInbox>
<showLegend>false</showLegend>
<showLabels>false</showLabels>
<showRelAttributes>false</showRelAttributes>
<gridEnabled>false</gridEnabled>
<showGrid>false</showGrid>
<diagramColor>-1</diagramColor>
<display>false</display>
<notation>1</notation>
<objectViews>
<OView class="oracle.dbtools.crest.swingui.relational.TVTable" oid="40FFDF1E-74C8-E90C-A2E5-6827067D663D" otype="Table" vid="5DE3757E-A02D-A7AC-DFCC-73D99304A630">
<hideElementsInCurrentOnly>false</hideElementsInCurrentOnly>
<bounds x="1297" y="918" width="322" height="150"/>
</OView>
<OView class="oracle.dbtools.crest.swingui.relational.TVTable" oid="501A8936-514E-7E21-B5ED-70CCC51C5D61" otype="Table" vid="DA47E316-8D03-F1F4-D482-4FA1A764B88A">
<hideElementsInCurrentOnly>false</hideElementsInCurrentOnly>
<bounds x="326" y="393" width="211" height="130"/>
</OView>
<OView class="oracle.dbtools.crest.swingui.relational.TVTable" oid="5444D9AC-AB80-55FF-1D1C-E9203BE7A336" otype="Table" vid="00623C87-9E22-0F6A-2042-F59510E9172A">
<hideElementsInCurrentOnly>false</hideElementsInCurrentOnly>
<bounds x="322" y="612" width="251" height="153"/>
</OView>
<OView class="oracle.dbtools.crest.swingui.relational.TVTable" oid="7CF02C88-8FA8-5CB2-B71C-6E8D6C819FEC" otype="Table" vid="0E921464-83D3-E59F-9ED2-F5FEF4F21E1F">
<hideElementsInCurrentOnly>false</hideElementsInCurrentOnly>
<bounds x="665" y="883" width="258" height="140"/>
</OView>
<OView class="oracle.dbtools.crest.swingui.relational.TVTable" oid="84BC2007-40A8-56EC-8E59-67C22C321DF0" otype="Table" vid="629F328A-8319-F68D-93ED-9735DA1C79FE">
<hideElementsInCurrentOnly>false</hideElementsInCurrentOnly>
<bounds x="310" y="820" width="295" height="190"/>
</OView>
<OView class="oracle.dbtools.crest.swingui.relational.TVTable" oid="883A1BCB-9687-F647-0414-6430F21299F1" otype="Table" vid="5A6C249E-D583-DF61-565E-2AE19135D141">
<hideElementsInCurrentOnly>false</hideElementsInCurrentOnly>
<bounds x="719" y="405" width="356" height="160"/>
</OView>
<OView class="oracle.dbtools.crest.swingui.relational.TVTable" oid="92ACEBA9-B5FC-5196-C10B-B69BE0C730F5" otype="Table" vid="52A91BB1-F3F2-4BC9-21EC-A9B3CB8359F2">
<hideElementsInCurrentOnly>false</hideElementsInCurrentOnly>
<bounds x="966" y="1205" width="265" height="105"/>
</OView>
<OView class="oracle.dbtools.crest.swingui.relational.TVTable" oid="A635FEF7-041B-300A-E1B8-D798B6586C8F" otype="Table" vid="C821BD9C-0958-D4AF-477B-2D4289077AFB">
<hideElementsInCurrentOnly>false</hideElementsInCurrentOnly>
<bounds x="1138" y="636" width="248" height="120"/>
</OView>
<OView class="oracle.dbtools.crest.swingui.relational.TVTable" oid="AA7C9D25-6786-803D-402F-5ACC2C05DF33" otype="Table" vid="638B7753-974E-B226-553F-BB0F4C6A1D1B">
<hideElementsInCurrentOnly>false</hideElementsInCurrentOnly>
<bounds x="741" y="620" width="301" height="158"/>
</OView>
<OView class="oracle.dbtools.crest.swingui.relational.TVTable" oid="B2695D6C-4621-D647-F461-16CABFD1E560" otype="Table" vid="F654BFA8-29A3-A668-33CB-D964EC42E912">
<hideElementsInCurrentOnly>false</hideElementsInCurrentOnly>
<bounds x="289" y="1046" width="362" height="132"/>
</OView>
<OView class="oracle.dbtools.crest.swingui.relational.TVTable" oid="B60E0A45-0FAE-6E94-C7BD-A7967F3FFB34" otype="Table" vid="387D211D-68DE-9AAA-FA96-4AF5EAEEE26B">
<hideElementsInCurrentOnly>false</hideElementsInCurrentOnly>
<bounds x="0" y="188" width="226" height="100"/>
</OView>
<OView class="oracle.dbtools.crest.swingui.relational.TVTable" oid="C56EB3B4-EF7E-0ABD-555C-DE7B459E5686" otype="Table" vid="F1C96E8E-58C9-DA7B-6794-2DB769621953">
<hideElementsInCurrentOnly>false</hideElementsInCurrentOnly>
<bounds x="313" y="183" width="243" height="153"/>
</OView>
<OView class="oracle.dbtools.crest.swingui.relational.TVTable" oid="C5FE0C24-5925-CC6F-5651-BD0032B040CB" otype="Table" vid="D8AF4D92-BF0C-F50E-EFAC-98924185A0D5">
<hideElementsInCurrentOnly>false</hideElementsInCurrentOnly>
<bounds x="719" y="188" width="235" height="116"/>
</OView>
<OView class="oracle.dbtools.crest.swingui.relational.TVTable" oid="CAB8CA8B-E76B-BCB5-CECE-A3AE9D73A656" otype="Table" vid="6815D8AE-81DD-BAE9-423B-E3DF094BD017">
<hideElementsInCurrentOnly>false</hideElementsInCurrentOnly>
<bounds x="946" y="886" width="288" height="190"/>
</OView>
<OView class="oracle.dbtools.crest.swingui.relational.TVTable" oid="E8666AF2-5F61-62AD-AAE9-F83ECFE54F0D" otype="Table" vid="3D4C7D5E-34B5-30DA-3B40-492911E67AAF">
<hideElementsInCurrentOnly>false</hideElementsInCurrentOnly>
<bounds x="1326" y="1198" width="286" height="120"/>
</OView>
</objectViews>
<connectors>
<Connector class="oracle.dbtools.crest.swingui.relational.TVFKRelation" oid="1DCEDDC8-2776-D148-F3CE-C4F349352F2A" otype="FKIndexAssociation" vid_source="5DE3757E-A02D-A7AC-DFCC-73D99304A630" vid_target="3D4C7D5E-34B5-30DA-3B40-492911E67AAF">
<hideElementsInCurrentOnly>false</hideElementsInCurrentOnly>
<backgroundColor>-16777216</backgroundColor>
<lineWidth>1</lineWidth>
<points>
<point x="1469" y="1068"/>
<point x="1469" y="1198"/>
</points>
</Connector>
<Connector class="oracle.dbtools.crest.swingui.relational.TVFKRelation" oid="1EBFEDBB-76DB-12B3-4705-61D3665DECFD" otype="FKIndexAssociation" vid_source="F1C96E8E-58C9-DA7B-6794-2DB769621953" vid_target="DA47E316-8D03-F1F4-D482-4FA1A764B88A">
<hideElementsInCurrentOnly>false</hideElementsInCurrentOnly>
<backgroundColor>-16777216</backgroundColor>
<lineWidth>1</lineWidth>
<points>
<point x="431" y="336"/>
<point x="431" y="393"/>
</points>
</Connector>
<Connector class="oracle.dbtools.crest.swingui.relational.TVFKRelation" oid="30A57C84-DA58-2883-AAD9-B8CD8D313492" otype="FKIndexAssociation" vid_source="F1C96E8E-58C9-DA7B-6794-2DB769621953" vid_target="D8AF4D92-BF0C-F50E-EFAC-98924185A0D5">
<hideElementsInCurrentOnly>false</hideElementsInCurrentOnly>
<backgroundColor>-16777216</backgroundColor>
<lineWidth>1</lineWidth>
<points>
<point x="556" y="261"/>
<point x="719" y="261"/>
</points>
</Connector>
<Connector class="oracle.dbtools.crest.swingui.relational.TVFKRelation" oid="385FFF30-B97E-7CDD-CE3A-22A4DDDC2CE1" otype="FKIndexAssociation" vid_source="F654BFA8-29A3-A668-33CB-D964EC42E912" vid_target="629F328A-8319-F68D-93ED-9735DA1C79FE">
<hideElementsInCurrentOnly>false</hideElementsInCurrentOnly>
<backgroundColor>-16777216</backgroundColor>
<lineWidth>1</lineWidth>
<points>
<point x="457" y="1046"/>
<point x="457" y="1010"/>
</points>
</Connector>
<Connector class="oracle.dbtools.crest.swingui.relational.TVFKRelation" oid="46953400-316D-3A65-1671-5CCB2B40F895" otype="FKIndexAssociation" vid_source="387D211D-68DE-9AAA-FA96-4AF5EAEEE26B" vid_target="F1C96E8E-58C9-DA7B-6794-2DB769621953">
<hideElementsInCurrentOnly>false</hideElementsInCurrentOnly>
<backgroundColor>-16777216</backgroundColor>
<lineWidth>1</lineWidth>
<points>
<point x="226" y="253"/>
<point x="313" y="253"/>
</points>
</Connector>
<Connector class="oracle.dbtools.crest.swingui.relational.TVFKRelation" oid="60A7C330-0A15-A4A5-8D71-DBAFC35C075F" otype="FKIndexAssociation" vid_source="DA47E316-8D03-F1F4-D482-4FA1A764B88A" vid_target="00623C87-9E22-0F6A-2042-F59510E9172A">
<hideElementsInCurrentOnly>false</hideElementsInCurrentOnly>
<backgroundColor>-16777216</backgroundColor>
<lineWidth>1</lineWidth>
<points>
<point x="431" y="523"/>
<point x="431" y="612"/>
</points>
</Connector>
<Connector class="oracle.dbtools.crest.swingui.relational.TVFKRelation" oid="80EE35FE-F0A1-A16E-BDFA-F320A3AD644E" otype="FKIndexAssociation" vid_source="6815D8AE-81DD-BAE9-423B-E3DF094BD017" vid_target="52A91BB1-F3F2-4BC9-21EC-A9B3CB8359F2">
<hideElementsInCurrentOnly>false</hideElementsInCurrentOnly>
<backgroundColor>-16777216</backgroundColor>
<lineWidth>1</lineWidth>
<points>
<point x="1098" y="1076"/>
<point x="1098" y="1205"/>
</points>
</Connector>
<Connector class="oracle.dbtools.crest.swingui.relational.TVFKRelation" oid="85D1EFE9-4121-AE6A-60B7-629AA8E0C380" otype="FKIndexAssociation" vid_source="C821BD9C-0958-D4AF-477B-2D4289077AFB" vid_target="638B7753-974E-B226-553F-BB0F4C6A1D1B">
<hideElementsInCurrentOnly>false</hideElementsInCurrentOnly>
<backgroundColor>-16777216</backgroundColor>
<lineWidth>1</lineWidth>
<points>
<point x="1138" y="696"/>
<point x="1042" y="696"/>
</points>
</Connector>
<Connector class="oracle.dbtools.crest.swingui.relational.TVFKRelation" oid="A97A610E-9F41-3606-EEAA-85625C7B57E4" otype="FKIndexAssociation" vid_source="D8AF4D92-BF0C-F50E-EFAC-98924185A0D5" vid_target="00623C87-9E22-0F6A-2042-F59510E9172A">
<hideElementsInCurrentOnly>false</hideElementsInCurrentOnly>
<backgroundColor>-16777216</backgroundColor>
<lineWidth>1</lineWidth>
<points>
<point x="785" y="304"/>
<point x="514" y="612"/>
</points>
</Connector>
<Connector class="oracle.dbtools.crest.swingui.relational.TVFKRelation" oid="AAA35660-2776-93B0-30FA-6D6DA27D4D11" otype="FKIndexAssociation" vid_source="629F328A-8319-F68D-93ED-9735DA1C79FE" vid_target="00623C87-9E22-0F6A-2042-F59510E9172A">
<hideElementsInCurrentOnly>false</hideElementsInCurrentOnly>
<backgroundColor>-16777216</backgroundColor>
<lineWidth>1</lineWidth>
<points>
<point x="447" y="820"/>
<point x="447" y="765"/>
</points>
</Connector>
<Connector class="oracle.dbtools.crest.swingui.relational.TVFKRelation" oid="B3C3C7D0-64AD-CB1E-0CB5-68C39C1C8C33" otype="FKIndexAssociation" vid_source="629F328A-8319-F68D-93ED-9735DA1C79FE" vid_target="629F328A-8319-F68D-93ED-9735DA1C79FE">
<hideElementsInCurrentOnly>false</hideElementsInCurrentOnly>
<backgroundColor>-16777216</backgroundColor>
<lineWidth>1</lineWidth>
<points>
<point x="605" y="890"/>
<point x="619" y="890"/>
<point x="620" y="788"/>
<point x="495" y="785"/>
<point x="495" y="820"/>
</points>
</Connector>
<Connector class="oracle.dbtools.crest.swingui.relational.TVFKRelation" oid="CF895BEF-BE96-FDA9-0916-6EEB2B25ADCA" otype="FKIndexAssociation" vid_source="6815D8AE-81DD-BAE9-423B-E3DF094BD017" vid_target="5DE3757E-A02D-A7AC-DFCC-73D99304A630">
<hideElementsInCurrentOnly>false</hideElementsInCurrentOnly>
<backgroundColor>-16777216</backgroundColor>
<lineWidth>1</lineWidth>
<points>
<point x="1234" y="993"/>
<point x="1297" y="993"/>
</points>
</Connector>
<Connector class="oracle.dbtools.crest.swingui.relational.TVFKRelation" oid="E0FAB9B6-7D8E-B611-A10D-ED4482981F37" otype="FKIndexAssociation" vid_source="638B7753-974E-B226-553F-BB0F4C6A1D1B" vid_target="6815D8AE-81DD-BAE9-423B-E3DF094BD017">
<hideElementsInCurrentOnly>false</hideElementsInCurrentOnly>
<backgroundColor>-16777216</backgroundColor>
<lineWidth>1</lineWidth>
<points>
<point x="994" y="778"/>
<point x="994" y="886"/>
</points>
</Connector>
<Connector class="oracle.dbtools.crest.swingui.relational.TVFKRelation" oid="E45EB105-E36F-94B4-D0C9-80B4398F2884" otype="FKIndexAssociation" vid_source="D8AF4D92-BF0C-F50E-EFAC-98924185A0D5" vid_target="5A6C249E-D583-DF61-565E-2AE19135D141">
<hideElementsInCurrentOnly>false</hideElementsInCurrentOnly>
<backgroundColor>-16777216</backgroundColor>
<lineWidth>1</lineWidth>
<points>
<point x="836" y="304"/>
<point x="836" y="405"/>
</points>
</Connector>
<Connector class="oracle.dbtools.crest.swingui.relational.TVFKRelation" oid="ED17BE98-A78D-8F8D-C992-F99B9512A0FB" otype="FKIndexAssociation" vid_source="638B7753-974E-B226-553F-BB0F4C6A1D1B" vid_target="5A6C249E-D583-DF61-565E-2AE19135D141">
<hideElementsInCurrentOnly>false</hideElementsInCurrentOnly>
<backgroundColor>-16777216</backgroundColor>
<lineWidth>1</lineWidth>
<points>
<point x="891" y="620"/>
<point x="891" y="565"/>
</points>
</Connector>
<Connector class="oracle.dbtools.crest.swingui.relational.TVFKRelation" oid="F167D0E3-BB51-DD6C-BDD3-587EB845F4A0" otype="FKIndexAssociation" vid_source="638B7753-974E-B226-553F-BB0F4C6A1D1B" vid_target="0E921464-83D3-E59F-9ED2-F5FEF4F21E1F">
<hideElementsInCurrentOnly>false</hideElementsInCurrentOnly>
<backgroundColor>-16777216</backgroundColor>
<lineWidth>1</lineWidth>
<points>
<point x="832" y="778"/>
<point x="832" y="883"/>
</points>
</Connector>
</connectors>
</Diagram>
