<?xml version = '1.0' encoding = 'UTF-8'?>
<Table class="oracle.dbtools.crest.model.design.relational.Table" directorySegmentName="seg_0" id="40FFDF1E-74C8-E90C-A2E5-6827067D663D" name="PORT_TOUR">
<createdBy>chenzhuo</createdBy>
<createdTime>2022-04-27 20:44:41 UTC</createdTime>
<generatorID>5EE7EE4B-97D0-DB2D-45EB-5289221A1170</generatorID>
<ownerDesignName>wc_oraclemodel</ownerDesignName>
<allowColumnReorder>false</allowColumnReorder>
<existDependencyGenerateInDDl>true</existDependencyGenerateInDDl>
<parsed>true</parsed>
<columns itemClass="oracle.dbtools.crest.model.design.relational.Column">
<Column name="pt_id" id="E81ADA15-783D-0D33-824D-751C50BA1B66">
<createdBy>chenzhuo</createdBy>
<createdTime>2022-04-27 20:44:41 UTC</createdTime>
<commentInRDBMS><![CDATA[port tour id]]></commentInRDBMS>
<generatorID>91F13B4B-A6C9-324D-B796-843A1C3024A1</generatorID>
<ownerDesignName>wc_oraclemodel</ownerDesignName>
<useDomainConstraints>false</useDomainConstraints>
<use>1</use>
<logicalDatatype>LOGDT019</logicalDatatype>
<dataTypePrecision>6</dataTypePrecision>
<ownDataTypeParameters>,6,</ownDataTypeParameters>
<autoIncrementCycle>false</autoIncrementCycle>
</Column>
<Column name="tour_date" id="431D6E93-4DE9-63F9-A73D-23FD5A49BD41">
<createdBy>chenzhuo</createdBy>
<createdTime>2022-04-27 20:44:41 UTC</createdTime>
<commentInRDBMS><![CDATA[tour date]]></commentInRDBMS>
<generatorID>991C6C28-D11D-21DD-2DBD-1ACC7B410F7F</generatorID>
<ownerDesignName>wc_oraclemodel</ownerDesignName>
<useDomainConstraints>false</useDomainConstraints>
<use>1</use>
<logicalDatatype>LOGDT007</logicalDatatype>
<ownDataTypeParameters>,,</ownDataTypeParameters>
<autoIncrementCycle>false</autoIncrementCycle>
</Column>
<Column name="tour_num" id="F2613A22-949D-60FD-499A-27AACEA90442">
<createdBy>chenzhuo</createdBy>
<createdTime>2022-04-27 20:44:41 UTC</createdTime>
<commentInRDBMS><![CDATA[tour number]]></commentInRDBMS>
<generatorID>0A0F48E9-C64B-5F77-E660-6591297FFBB9</generatorID>
<ownerDesignName>wc_oraclemodel</ownerDesignName>
<useDomainConstraints>false</useDomainConstraints>
<use>1</use>
<logicalDatatype>LOGDT019</logicalDatatype>
<dataTypePrecision>2</dataTypePrecision>
<ownDataTypeParameters>,,</ownDataTypeParameters>
<previousColumn>false</previousColumn>
<autoIncrementCycle>false</autoIncrementCycle>
<associations>
<colAssociation fkAssociation="CF895BEF-BE96-FDA9-0916-6EEB2B25ADCA" referredColumn="1072A40A-E1FE-F56B-750D-B2E01168A475"/>
</associations>
</Column>
<Column name="port_code" id="AAB79B62-5FB6-9D7A-0088-407E1EF716F0">
<createdBy>chenzhuo</createdBy>
<createdTime>2022-04-27 20:44:41 UTC</createdTime>
<commentInRDBMS><![CDATA[port code]]></commentInRDBMS>
<generatorID>01925365-D1B8-6378-EE68-2C4192A3AACB</generatorID>
<ownerDesignName>wc_oraclemodel</ownerDesignName>
<useDomainConstraints>false</useDomainConstraints>
<use>1</use>
<logicalDatatype>LOGDT024</logicalDatatype>
<dataTypeSize>10</dataTypeSize>
<ownDataTypeParameters>,,</ownDataTypeParameters>
<previousColumn>false</previousColumn>
<autoIncrementCycle>false</autoIncrementCycle>
<associations>
<colAssociation fkAssociation="CF895BEF-BE96-FDA9-0916-6EEB2B25ADCA" referredColumn="DDFDBBD6-C1C2-D459-1F59-010E451F9E56"/>
</associations>
</Column>
</columns>
<indexes itemClass="oracle.dbtools.crest.model.design.relational.Index">
<ind_PK_UK id="B8B9324C-642E-ACDE-48E4-BDB99229C936" name="PORT_TOUR_PK">
<createdBy>chenzhuo</createdBy>
<createdTime>2022-04-27 20:44:41 UTC</createdTime>
<generatorID>3E5696D6-A2B0-2540-C36B-A7EB2A5DEE65</generatorID>
<ownerDesignName>wc_oraclemodel</ownerDesignName>
<pk>true</pk>
<indexState>Primary Constraint</indexState>
<isSurrogateKey>false</isSurrogateKey>
<indexColumnUsage>
<colUsage columnID="E81ADA15-783D-0D33-824D-751C50BA1B66"/>
</indexColumnUsage>
</ind_PK_UK>
<ind_PK_UK id="BEE6902C-5F1E-A408-47FF-053A4F9A975C" name="PORT_TOUR_NK">
<createdBy>chenzhuo</createdBy>
<createdTime>2022-04-27 20:44:41 UTC</createdTime>
<generatorID>EB77C8A8-0468-5F4A-46A8-60E7BD1CE07F</generatorID>
<ownerDesignName>wc_oraclemodel</ownerDesignName>
<indexState>Unique Constraint</indexState>
<isSurrogateKey>false</isSurrogateKey>
<indexColumnUsage>
<colUsage columnID="431D6E93-4DE9-63F9-A73D-23FD5A49BD41"/>
<colUsage columnID="F2613A22-949D-60FD-499A-27AACEA90442"/>
<colUsage columnID="AAB79B62-5FB6-9D7A-0088-407E1EF716F0"/>
</indexColumnUsage>
</ind_PK_UK>
<ind_PK_UK id="70DE7638-B89F-CB60-5603-2B8D211B4CE3" name="TOUR_PORT_TOUR">
<createdBy>chenzhuo</createdBy>
<createdTime>2022-04-27 20:44:41 UTC</createdTime>
<generatorID>5E907060-D3F3-1DA3-42AA-6B864A9C83E8</generatorID>
<ownerDesignName>wc_oraclemodel</ownerDesignName>
<indexState>Foreign Key</indexState>
<isSurrogateKey>false</isSurrogateKey>
<indexColumnUsage>
<colUsage columnID="F2613A22-949D-60FD-499A-27AACEA90442"/>
<colUsage columnID="AAB79B62-5FB6-9D7A-0088-407E1EF716F0"/>
</indexColumnUsage>
</ind_PK_UK>
</indexes>
</Table>
