<?xml version = '1.0' encoding = 'UTF-8'?>
<Table class="oracle.dbtools.crest.model.design.relational.Table" directorySegmentName="seg_0" id="501A8936-514E-7E21-B5ED-70CCC51C5D61" name="CABIN">
<createdBy>chenzhuo</createdBy>
<createdTime>2022-04-27 20:44:41 UTC</createdTime>
<generatorID>F7A8464A-5098-BA05-48A3-61B329088022</generatorID>
<ownerDesignName>wc_oraclemodel</ownerDesignName>
<allowColumnReorder>false</allowColumnReorder>
<existDependencyGenerateInDDl>true</existDependencyGenerateInDDl>
<parsed>true</parsed>
<columns itemClass="oracle.dbtools.crest.model.design.relational.Column">
<Column name="cabin_num" id="BD214372-EB9D-3D8F-471F-DF9BBFAED919">
<createdBy>chenzhuo</createdBy>
<createdTime>2022-04-27 20:44:41 UTC</createdTime>
<commentInRDBMS><![CDATA[cabin number]]></commentInRDBMS>
<generatorID>D768F18E-2BAD-0AAE-BD8F-0C7AABA59F45</generatorID>
<ownerDesignName>wc_oraclemodel</ownerDesignName>
<useDomainConstraints>false</useDomainConstraints>
<use>1</use>
<logicalDatatype>LOGDT019</logicalDatatype>
<dataTypePrecision>6</dataTypePrecision>
<ownDataTypeParameters>,6,</ownDataTypeParameters>
<autoIncrementCycle>false</autoIncrementCycle>
</Column>
<Column name="cabin_capacity" id="75DFB67F-3DAE-5E1F-0891-79B2A9D83732">
<createdBy>chenzhuo</createdBy>
<createdTime>2022-04-27 20:44:41 UTC</createdTime>
<commentInRDBMS><![CDATA[cabin capacity]]></commentInRDBMS>
<generatorID>FD499FA4-8429-4F74-99BD-783835AA8A17</generatorID>
<ownerDesignName>wc_oraclemodel</ownerDesignName>
<useDomainConstraints>false</useDomainConstraints>
<use>1</use>
<logicalDatatype>LOGDT019</logicalDatatype>
<dataTypePrecision>1</dataTypePrecision>
<ownDataTypeParameters>,1,</ownDataTypeParameters>
<autoIncrementCycle>false</autoIncrementCycle>
</Column>
<Column name="cabin_class" id="3CFB7B0C-C707-35B0-A797-00D7B1DDE9AA">
<createdBy>chenzhuo</createdBy>
<createdTime>2022-04-27 20:44:41 UTC</createdTime>
<commentInRDBMS><![CDATA[cabin class]]></commentInRDBMS>
<generatorID>918D317C-41B9-19D9-263E-E5B347BA29CC</generatorID>
<ownerDesignName>wc_oraclemodel</ownerDesignName>
<constraintName>chk_cabin_class</constraintName>
<useDomainConstraints>false</useDomainConstraints>
<use>1</use>
<logicalDatatype>LOGDT025</logicalDatatype>
<dataTypeSize>1</dataTypeSize>
<listOfValues>
<valueDef value="B" description="Balcony"/>
<valueDef value="I" description="Interior"/>
<valueDef value="O" description="Ocean View"/>
<valueDef value="S" description="Suite"/>
</listOfValues>
<ownDataTypeParameters>1,,</ownDataTypeParameters>
<autoIncrementCycle>false</autoIncrementCycle>
</Column>
<Column name="ship_code" id="AEF4F287-23F6-DB29-3DC0-65815A6DB0AD">
<createdBy>chenzhuo</createdBy>
<createdTime>2022-04-27 20:44:41 UTC</createdTime>
<commentInRDBMS><![CDATA[ship code]]></commentInRDBMS>
<generatorID>C2609E27-3682-BFB7-1120-7B0E273AA24F</generatorID>
<ownerDesignName>wc_oraclemodel</ownerDesignName>
<useDomainConstraints>false</useDomainConstraints>
<use>1</use>
<logicalDatatype>LOGDT019</logicalDatatype>
<dataTypePrecision>6</dataTypePrecision>
<ownDataTypeParameters>,,</ownDataTypeParameters>
<previousColumn>false</previousColumn>
<autoIncrementCycle>false</autoIncrementCycle>
<associations>
<colAssociation fkAssociation="1EBFEDBB-76DB-12B3-4705-61D3665DECFD" referredColumn="23F15B3D-E0A7-95A1-90E4-DFA5F0F25950"/>
</associations>
</Column>
</columns>
<indexes itemClass="oracle.dbtools.crest.model.design.relational.Index">
<ind_PK_UK id="EE076E32-B422-A286-616A-33C7116093D8" name="CABIN_PK">
<createdBy>chenzhuo</createdBy>
<createdTime>2022-04-27 20:44:41 UTC</createdTime>
<generatorID>D0ECFF75-891A-E09C-6029-68CD396E9BB3</generatorID>
<ownerDesignName>wc_oraclemodel</ownerDesignName>
<pk>true</pk>
<indexState>Primary Constraint</indexState>
<isSurrogateKey>false</isSurrogateKey>
<indexColumnUsage>
<colUsage columnID="BD214372-EB9D-3D8F-471F-DF9BBFAED919"/>
<colUsage columnID="AEF4F287-23F6-DB29-3DC0-65815A6DB0AD"/>
</indexColumnUsage>
</ind_PK_UK>
<ind_PK_UK id="3C538E80-53D7-E4CB-E884-02E143F60416" name="SHIP_CAIN">
<createdBy>chenzhuo</createdBy>
<createdTime>2022-04-27 20:44:41 UTC</createdTime>
<generatorID>70ADDE93-2571-CEA3-A088-FD0EA9708186</generatorID>
<ownerDesignName>wc_oraclemodel</ownerDesignName>
<indexState>Foreign Key</indexState>
<isSurrogateKey>false</isSurrogateKey>
<indexColumnUsage>
<colUsage columnID="AEF4F287-23F6-DB29-3DC0-65815A6DB0AD"/>
</indexColumnUsage>
</ind_PK_UK>
</indexes>
</Table>
