<?xml version = '1.0' encoding = 'UTF-8'?>
<Table class="oracle.dbtools.crest.model.design.relational.Table" directorySegmentName="seg_0" id="84BC2007-40A8-56EC-8E59-67C22C321DF0" name="PASSENGER">
<createdBy>chenzhuo</createdBy>
<createdTime>2022-04-27 20:44:41 UTC</createdTime>
<generatorID>30582695-4B21-137F-0C6D-3DA48C23C4DD</generatorID>
<ownerDesignName>wc_oraclemodel</ownerDesignName>
<allowColumnReorder>false</allowColumnReorder>
<existDependencyGenerateInDDl>true</existDependencyGenerateInDDl>
<parsed>true</parsed>
<columns itemClass="oracle.dbtools.crest.model.design.relational.Column">
<Column name="pas_id" id="339EE169-8900-1123-7563-1FAB3EEA1BF9">
<createdBy>chenzhuo</createdBy>
<createdTime>2022-04-27 20:44:41 UTC</createdTime>
<commentInRDBMS><![CDATA[passenger id]]></commentInRDBMS>
<generatorID>B4AAB5A1-43A2-748F-E34D-360A3DBACB16</generatorID>
<ownerDesignName>wc_oraclemodel</ownerDesignName>
<useDomainConstraints>false</useDomainConstraints>
<use>1</use>
<logicalDatatype>LOGDT019</logicalDatatype>
<dataTypePrecision>6</dataTypePrecision>
<ownDataTypeParameters>,6,</ownDataTypeParameters>
<autoIncrementCycle>false</autoIncrementCycle>
</Column>
<Column name="pas_fname" id="DB2EB361-EE2C-DB72-479F-A0A98BC4F29C">
<createdBy>chenzhuo</createdBy>
<createdTime>2022-04-27 20:44:41 UTC</createdTime>
<commentInRDBMS><![CDATA[passenger first name]]></commentInRDBMS>
<generatorID>D944D1CF-949B-D871-B2E1-7CFED0B59850</generatorID>
<ownerDesignName>wc_oraclemodel</ownerDesignName>
<nullsAllowed>true</nullsAllowed>
<useDomainConstraints>false</useDomainConstraints>
<use>1</use>
<logicalDatatype>LOGDT024</logicalDatatype>
<dataTypeSize>10</dataTypeSize>
<ownDataTypeParameters>10,,</ownDataTypeParameters>
<autoIncrementCycle>false</autoIncrementCycle>
</Column>
<Column name="pas_lname" id="66BC069B-B6D1-BF1B-3166-72159CFF7680">
<createdBy>chenzhuo</createdBy>
<createdTime>2022-04-27 20:44:41 UTC</createdTime>
<commentInRDBMS><![CDATA[passenger last name]]></commentInRDBMS>
<generatorID>A3805CB1-8E44-BBD4-2376-F2EC7A7828EF</generatorID>
<ownerDesignName>wc_oraclemodel</ownerDesignName>
<nullsAllowed>true</nullsAllowed>
<useDomainConstraints>false</useDomainConstraints>
<use>1</use>
<logicalDatatype>LOGDT024</logicalDatatype>
<dataTypeSize>10</dataTypeSize>
<ownDataTypeParameters>10,,</ownDataTypeParameters>
<autoIncrementCycle>false</autoIncrementCycle>
</Column>
<Column name="pas_phone_num" id="DBE8D430-D820-3BE0-7280-1345FCED5784">
<createdBy>chenzhuo</createdBy>
<createdTime>2022-04-27 20:44:41 UTC</createdTime>
<commentInRDBMS><![CDATA[passenger phone's number]]></commentInRDBMS>
<generatorID>1455E94E-3FB9-E2CD-B27E-C079468E9669</generatorID>
<ownerDesignName>wc_oraclemodel</ownerDesignName>
<useDomainConstraints>false</useDomainConstraints>
<use>1</use>
<logicalDatatype>LOGDT025</logicalDatatype>
<dataTypeSize>10</dataTypeSize>
<ownDataTypeParameters>10,,</ownDataTypeParameters>
<autoIncrementCycle>false</autoIncrementCycle>
</Column>
<Column name="pas_gender" id="80D95C25-9711-1718-6CE3-BBA3B2A6EADB">
<createdBy>chenzhuo</createdBy>
<createdTime>2022-04-27 20:44:41 UTC</createdTime>
<commentInRDBMS><![CDATA[passenger's gender]]></commentInRDBMS>
<generatorID>32649621-60C0-8A07-0B23-7869652002D3</generatorID>
<ownerDesignName>wc_oraclemodel</ownerDesignName>
<nullsAllowed>true</nullsAllowed>
<useDomainConstraints>false</useDomainConstraints>
<use>1</use>
<logicalDatatype>LOGDT025</logicalDatatype>
<dataTypeSize>1</dataTypeSize>
<ownDataTypeParameters>1,,</ownDataTypeParameters>
<autoIncrementCycle>false</autoIncrementCycle>
</Column>
<Column name="pas_dob" id="E6B2CB49-FEA6-61D0-4852-E117E5830A9A">
<createdBy>chenzhuo</createdBy>
<createdTime>2022-04-27 20:44:41 UTC</createdTime>
<commentInRDBMS><![CDATA[passenger date of birth]]></commentInRDBMS>
<generatorID>5024D1F1-8F3B-C11A-3A08-5B106E683448</generatorID>
<ownerDesignName>wc_oraclemodel</ownerDesignName>
<useDomainConstraints>false</useDomainConstraints>
<use>1</use>
<logicalDatatype>LOGDT007</logicalDatatype>
<ownDataTypeParameters>,,</ownDataTypeParameters>
<autoIncrementCycle>false</autoIncrementCycle>
</Column>
<Column name="guard_id" id="A1FF5A59-D658-5D8F-A544-88F75BC226F6">
<createdBy>chenzhuo</createdBy>
<createdTime>2022-04-27 20:44:41 UTC</createdTime>
<commentInRDBMS><![CDATA[passenger id]]></commentInRDBMS>
<generatorID>3932F160-85F4-3527-7356-62A57B1972A7</generatorID>
<ownerDesignName>wc_oraclemodel</ownerDesignName>
<nullsAllowed>true</nullsAllowed>
<useDomainConstraints>false</useDomainConstraints>
<use>1</use>
<logicalDatatype>LOGDT019</logicalDatatype>
<dataTypePrecision>6</dataTypePrecision>
<ownDataTypeParameters>,,</ownDataTypeParameters>
<previousColumn>false</previousColumn>
<autoIncrementCycle>false</autoIncrementCycle>
<associations>
<colAssociation fkAssociation="B3C3C7D0-64AD-CB1E-0CB5-68C39C1C8C33" referredColumn="339EE169-8900-1123-7563-1FAB3EEA1BF9"/>
</associations>
</Column>
<Column name="addr_id" id="784D9CD4-3D7F-3EB4-4FFA-BA72DF8D5582">
<createdBy>chenzhuo</createdBy>
<createdTime>2022-04-27 20:44:41 UTC</createdTime>
<commentInRDBMS><![CDATA[address id]]></commentInRDBMS>
<generatorID>828ECAAA-7D4A-7320-28D9-7617B99CC181</generatorID>
<ownerDesignName>wc_oraclemodel</ownerDesignName>
<useDomainConstraints>false</useDomainConstraints>
<use>1</use>
<logicalDatatype>LOGDT019</logicalDatatype>
<dataTypePrecision>6</dataTypePrecision>
<ownDataTypeParameters>,,</ownDataTypeParameters>
<previousColumn>false</previousColumn>
<autoIncrementCycle>false</autoIncrementCycle>
<associations>
<colAssociation fkAssociation="385FFF30-B97E-7CDD-CE3A-22A4DDDC2CE1" referredColumn="4429C8F5-654E-DDAD-CE8D-FB1039F1F228"/>
</associations>
</Column>
<Column name="pas_principal_spoken_language" id="08BA3899-A55B-48CA-DF5F-D2B8D87B7C29">
<createdBy>chenzhuo</createdBy>
<createdTime>2022-04-27 20:44:41 UTC</createdTime>
<commentInRDBMS><![CDATA[passenger principal spoken language]]></commentInRDBMS>
<generatorID>7EAB2E15-70E4-5C34-3C90-206EC462FC96</generatorID>
<ownerDesignName>wc_oraclemodel</ownerDesignName>
<useDomainConstraints>false</useDomainConstraints>
<use>1</use>
<logicalDatatype>LOGDT025</logicalDatatype>
<dataTypeSize>2</dataTypeSize>
<ownDataTypeParameters>2,,</ownDataTypeParameters>
<autoIncrementCycle>false</autoIncrementCycle>
</Column>
</columns>
<indexes itemClass="oracle.dbtools.crest.model.design.relational.Index">
<ind_PK_UK id="A3C6DC83-9479-CD53-C344-258F1914ACFE" name="PASSENGER_PK">
<createdBy>chenzhuo</createdBy>
<createdTime>2022-04-27 20:44:41 UTC</createdTime>
<generatorID>1CAE851E-6E04-E101-2557-5A7BA21336E4</generatorID>
<ownerDesignName>wc_oraclemodel</ownerDesignName>
<pk>true</pk>
<indexState>Primary Constraint</indexState>
<isSurrogateKey>false</isSurrogateKey>
<indexColumnUsage>
<colUsage columnID="339EE169-8900-1123-7563-1FAB3EEA1BF9"/>
</indexColumnUsage>
</ind_PK_UK>
<ind_PK_UK id="78574971-28DC-D7C0-92DD-921AF449B39F" name="ADDRESS_PASSENGER">
<createdBy>chenzhuo</createdBy>
<createdTime>2022-04-27 20:44:41 UTC</createdTime>
<generatorID>5A08B932-22E0-7EFA-08FC-6DA8173878E4</generatorID>
<ownerDesignName>wc_oraclemodel</ownerDesignName>
<indexState>Foreign Key</indexState>
<isSurrogateKey>false</isSurrogateKey>
<indexColumnUsage>
<colUsage columnID="784D9CD4-3D7F-3EB4-4FFA-BA72DF8D5582"/>
</indexColumnUsage>
</ind_PK_UK>
<ind_PK_UK id="2C8FB740-B5D7-0B40-7E8B-C4DE43E78FF6" name="PASSENGER_PASSENGER(Guard)">
<createdBy>chenzhuo</createdBy>
<createdTime>2022-04-27 20:44:41 UTC</createdTime>
<generatorID>CE60B1FF-D9FC-FEBC-4881-7CC0ACFFBF5E</generatorID>
<ownerDesignName>wc_oraclemodel</ownerDesignName>
<indexState>Foreign Key</indexState>
<isSurrogateKey>false</isSurrogateKey>
<indexColumnUsage>
<colUsage columnID="A1FF5A59-D658-5D8F-A544-88F75BC226F6"/>
</indexColumnUsage>
</ind_PK_UK>
</indexes>
</Table>
