<?xml version = '1.0' encoding = 'UTF-8'?>
<Table class="oracle.dbtools.crest.model.design.relational.Table" directorySegmentName="seg_0" id="C5FE0C24-5925-CC6F-5651-BD0032B040CB" name="CRUISE">
<createdBy>chenzhuo</createdBy>
<createdTime>2022-04-27 20:44:41 UTC</createdTime>
<generatorID>7D29CA83-C803-00F2-D1ED-AAF1F1D24000</generatorID>
<ownerDesignName>wc_oraclemodel</ownerDesignName>
<allowColumnReorder>false</allowColumnReorder>
<existDependencyGenerateInDDl>true</existDependencyGenerateInDDl>
<parsed>true</parsed>
<columns itemClass="oracle.dbtools.crest.model.design.relational.Column">
<Column name="cruise_id" id="A8BEF292-9B92-B324-4F46-D4543D1673C6">
<createdBy>chenzhuo</createdBy>
<createdTime>2022-04-27 20:44:41 UTC</createdTime>
<commentInRDBMS><![CDATA[cruise id]]></commentInRDBMS>
<generatorID>E69B6393-C88D-C060-3101-C932679D3C5E</generatorID>
<ownerDesignName>wc_oraclemodel</ownerDesignName>
<useDomainConstraints>false</useDomainConstraints>
<use>1</use>
<logicalDatatype>LOGDT019</logicalDatatype>
<dataTypePrecision>5</dataTypePrecision>
<ownDataTypeParameters>,5,</ownDataTypeParameters>
<autoIncrementCycle>false</autoIncrementCycle>
</Column>
<Column name="cruise_name" id="C9A6D836-1A4E-1C29-9DA1-571F723C12F2">
<createdBy>chenzhuo</createdBy>
<createdTime>2022-04-27 20:44:41 UTC</createdTime>
<commentInRDBMS><![CDATA[cruise's name]]></commentInRDBMS>
<generatorID>71BB72D9-9C27-AB57-AC97-2FF01863DFB0</generatorID>
<ownerDesignName>wc_oraclemodel</ownerDesignName>
<useDomainConstraints>false</useDomainConstraints>
<use>1</use>
<logicalDatatype>LOGDT024</logicalDatatype>
<dataTypeSize>30</dataTypeSize>
<ownDataTypeParameters>30,,</ownDataTypeParameters>
<autoIncrementCycle>false</autoIncrementCycle>
</Column>
<Column name="cruise_description" id="040603E2-C253-8644-21D5-B835928D29F5">
<createdBy>chenzhuo</createdBy>
<createdTime>2022-04-27 20:44:41 UTC</createdTime>
<commentInRDBMS><![CDATA[cruise's description]]></commentInRDBMS>
<generatorID>310CA1BC-C290-C239-1E75-21CA73E16E22</generatorID>
<ownerDesignName>wc_oraclemodel</ownerDesignName>
<useDomainConstraints>false</useDomainConstraints>
<use>1</use>
<logicalDatatype>LOGDT024</logicalDatatype>
<dataTypeSize>50</dataTypeSize>
<ownDataTypeParameters>50,,</ownDataTypeParameters>
<autoIncrementCycle>false</autoIncrementCycle>
</Column>
<Column name="ship_code" id="C8492826-E052-890B-36C8-3F8469E69F4A">
<createdBy>chenzhuo</createdBy>
<createdTime>2022-04-27 20:44:41 UTC</createdTime>
<commentInRDBMS><![CDATA[ship code]]></commentInRDBMS>
<generatorID>06977D2A-EF3B-BE87-2689-4AE7358D5E2C</generatorID>
<ownerDesignName>wc_oraclemodel</ownerDesignName>
<useDomainConstraints>false</useDomainConstraints>
<use>1</use>
<logicalDatatype>LOGDT019</logicalDatatype>
<dataTypePrecision>6</dataTypePrecision>
<ownDataTypeParameters>,,</ownDataTypeParameters>
<previousColumn>false</previousColumn>
<autoIncrementCycle>false</autoIncrementCycle>
<associations>
<colAssociation fkAssociation="30A57C84-DA58-2883-AAD9-B8CD8D313492" referredColumn="23F15B3D-E0A7-95A1-90E4-DFA5F0F25950"/>
</associations>
</Column>
</columns>
<indexes itemClass="oracle.dbtools.crest.model.design.relational.Index">
<ind_PK_UK id="B0371731-1A4F-951E-E9A1-7D688DB3914F" name="CRUISE_PK">
<createdBy>chenzhuo</createdBy>
<createdTime>2022-04-27 20:44:41 UTC</createdTime>
<generatorID>7BE816DF-2DC5-FAFA-9467-E05931A15276</generatorID>
<ownerDesignName>wc_oraclemodel</ownerDesignName>
<pk>true</pk>
<indexState>Primary Constraint</indexState>
<isSurrogateKey>false</isSurrogateKey>
<indexColumnUsage>
<colUsage columnID="A8BEF292-9B92-B324-4F46-D4543D1673C6"/>
</indexColumnUsage>
</ind_PK_UK>
<ind_PK_UK id="2256E31F-9BD8-F840-31ED-A370E1FDF029" name="SHIP_CRUISE">
<createdBy>chenzhuo</createdBy>
<createdTime>2022-04-27 20:44:41 UTC</createdTime>
<generatorID>1602C0AA-E85D-8D71-2B86-9644BBF4CCD0</generatorID>
<ownerDesignName>wc_oraclemodel</ownerDesignName>
<indexState>Foreign Key</indexState>
<isSurrogateKey>false</isSurrogateKey>
<indexColumnUsage>
<colUsage columnID="C8492826-E052-890B-36C8-3F8469E69F4A"/>
</indexColumnUsage>
</ind_PK_UK>
</indexes>
</Table>
